HIERARCHY
ROOT Hips
{
	OFFSET 0.000000 0.000000 0.000000
	CHANNELS 6 Xposition Yposition Zposition Zrotation Yrotation Xrotation 
	JOINT Spine1
	{
		OFFSET -0.013727 5.003762 -0.053727
		CHANNELS 3 Zrotation Yrotation Xrotation
		JOINT Spine2
		{
			OFFSET -0.000000 7.125303 -0.029825
			CHANNELS 3 Zrotation Yrotation Xrotation
			JOINT Chest
			{
				OFFSET -0.000001 7.550062 -0.815971
				CHANNELS 3 Zrotation Yrotation Xrotation
				JOINT Neck1
				{
					OFFSET -0.181677 26.311296 -0.553349
					CHANNELS 3 Zrotation Yrotation Xrotation
					JOINT Neck2
					{
						OFFSET -0.000003 7.709398 2.302586
						CHANNELS 3 Zrotation Yrotation Xrotation
						JOINT Head
						{
							OFFSET -0.000005 6.128912 1.953709
							CHANNELS 3 Zrotation Yrotation Xrotation
							JOINT HeadEnd
							{
								OFFSET 0.003598 16.065401 -1.835379
								CHANNELS 3 Zrotation Yrotation Xrotation
								End Site
								{
									OFFSET 0.000000 0.000000 0.000000
								}
							}
							JOINT Jaw
							{
								OFFSET 0.002637 0.475592 3.094941
								CHANNELS 3 Zrotation Yrotation Xrotation
								End Site
								{
									OFFSET 0.000000 0.000000 0.000000
								}
							}
							JOINT LeftEye
							{
								OFFSET 3.206380 5.380208 7.586883
								CHANNELS 3 Zrotation Yrotation Xrotation
								End Site
								{
									OFFSET 0.000000 0.000000 0.000000
								}
							}
							JOINT RightEye
							{
								OFFSET -3.222440 5.361866 7.558233
								CHANNELS 3 Zrotation Yrotation Xrotation
								End Site
								{
									OFFSET 0.000000 0.000000 0.000000
								}
							}
						}
					}
				}
				JOINT LeftShoulder
				{
					OFFSET 1.621652 23.237165 5.113413
					CHANNELS 3 Zrotation Yrotation Xrotation
					JOINT LeftArm
					{
						OFFSET 14.919845 -0.000001 -5.502326
						CHANNELS 3 Zrotation Yrotation Xrotation
						JOINT LeftForeArm
						{
							OFFSET 28.739309 0.000002 -0.002588
							CHANNELS 3 Zrotation Yrotation Xrotation
							JOINT LeftHand
							{
								OFFSET 27.093979 -0.000003 0.002608
								CHANNELS 3 Zrotation Yrotation Xrotation
								JOINT LeftHandThumb1
								{
									OFFSET 2.276480 -1.392045 3.191413
									CHANNELS 3 Zrotation Yrotation Xrotation
									JOINT LeftHandThumb2
									{
										OFFSET 4.012841 -1.828126 1.641655
										CHANNELS 3 Zrotation Yrotation Xrotation
										JOINT LeftHandThumb3
										{
											OFFSET 2.798516 -0.000000 -0.000004
											CHANNELS 3 Zrotation Yrotation Xrotation
											JOINT LeftHandThumbEnd
											{
												OFFSET 3.180791 -0.000002 0.000003
												CHANNELS 3 Zrotation Yrotation Xrotation
												End Site
												{
													OFFSET 0.000000 0.000000 0.000000
												}
											}
										}
									}
								}
								JOINT LeftHandIndex1
								{
									OFFSET 3.247554 -0.531998 2.296169
									CHANNELS 3 Zrotation Yrotation Xrotation
									JOINT LeftHandIndex2
									{
										OFFSET 6.364580 0.012062 0.178599
										CHANNELS 3 Zrotation Yrotation Xrotation
										JOINT LeftHandIndex3
										{
											OFFSET 3.662366 0.000001 -0.000000
											CHANNELS 3 Zrotation Yrotation Xrotation
											JOINT LeftHandIndex4
											{
												OFFSET 2.329243 0.000003 0.000004
												CHANNELS 3 Zrotation Yrotation Xrotation
												JOINT LeftHandIndexEnd
												{
													OFFSET 2.759619 -0.180539 -0.113024
													CHANNELS 3 Zrotation Yrotation Xrotation
													End Site
													{
														OFFSET 0.000000 0.000000 0.000000
													}
												}
											}
										}
									}
								}
								JOINT LeftHandMiddle1
								{
									OFFSET 3.163499 0.240982 1.000332
									CHANNELS 3 Zrotation Yrotation Xrotation
									JOINT LeftHandMiddle2
									{
										OFFSET 6.190778 -0.259276 -1.002549
										CHANNELS 3 Zrotation Yrotation Xrotation
										JOINT LeftHandMiddle3
										{
											OFFSET 4.356523 -0.000006 0.000000
											CHANNELS 3 Zrotation Yrotation Xrotation
											JOINT LeftHandMiddle4
											{
												OFFSET 2.996875 -0.000006 0.000000
												CHANNELS 3 Zrotation Yrotation Xrotation
												JOINT LeftHandMiddleEnd
												{
													OFFSET 2.304294 -0.294572 -0.031739
													CHANNELS 3 Zrotation Yrotation Xrotation
													End Site
													{
														OFFSET 0.000000 0.000000 0.000000
													}
												}
											}
										}
									}
								}
								JOINT LeftHandRing1
								{
									OFFSET 2.882642 -0.053650 -0.322543
									CHANNELS 3 Zrotation Yrotation Xrotation
									JOINT LeftHandRing2
									{
										OFFSET 5.854543 -0.486203 -1.373841
										CHANNELS 3 Zrotation Yrotation Xrotation
										JOINT LeftHandRing3
										{
											OFFSET 4.350581 0.000000 0.000003
											CHANNELS 3 Zrotation Yrotation Xrotation
											JOINT LeftHandRing4
											{
												OFFSET 2.651325 0.000008 0.000004
												CHANNELS 3 Zrotation Yrotation Xrotation
												JOINT LeftHandRingEnd
												{
													OFFSET 1.936111 0.077686 -0.000070
													CHANNELS 3 Zrotation Yrotation Xrotation
													End Site
													{
														OFFSET 0.000000 0.000000 0.000000
													}
												}
											}
										}
									}
								}
								JOINT LeftHandPinky1
								{
									OFFSET 2.865499 -0.310004 -1.600378
									CHANNELS 3 Zrotation Yrotation Xrotation
									JOINT LeftHandPinky2
									{
										OFFSET 5.087852 -1.331142 -1.771231
										CHANNELS 3 Zrotation Yrotation Xrotation
										JOINT LeftHandPinky3
										{
											OFFSET 3.070975 0.000003 0.000001
											CHANNELS 3 Zrotation Yrotation Xrotation
											JOINT LeftHandPinky4
											{
												OFFSET 1.549667 0.000000 0.000001
												CHANNELS 3 Zrotation Yrotation Xrotation
												JOINT LeftHandPinkyEnd
												{
													OFFSET 1.944894 -0.157802 0.057219
													CHANNELS 3 Zrotation Yrotation Xrotation
													End Site
													{
														OFFSET 0.000000 0.000000 0.000000
													}
												}
											}
										}
									}
								}
							}
						}
					}
				}
				JOINT RightShoulder
				{
					OFFSET -1.380118 23.180309 5.214158
					CHANNELS 3 Zrotation Yrotation Xrotation
					JOINT RightArm
					{
						OFFSET -15.037197 0.000010 -5.545604
						CHANNELS 3 Zrotation Yrotation Xrotation
						JOINT RightForeArm
						{
							OFFSET -28.736639 0.000003 -0.002597
							CHANNELS 3 Zrotation Yrotation Xrotation
							JOINT RightHand
							{
								OFFSET -27.133617 -0.000001 0.002613
								CHANNELS 3 Zrotation Yrotation Xrotation
								JOINT RightHandThumb1
								{
									OFFSET -2.274036 -1.383990 3.163128
									CHANNELS 3 Zrotation Yrotation Xrotation
									JOINT RightHandThumb2
									{
										OFFSET -4.011430 -1.827467 1.640914
										CHANNELS 3 Zrotation Yrotation Xrotation
										JOINT RightHandThumb3
										{
											OFFSET -2.794933 -0.000004 -0.000003
											CHANNELS 3 Zrotation Yrotation Xrotation
											JOINT RightHandThumbEnd
											{
												OFFSET -3.183855 0.000003 0.000000
												CHANNELS 3 Zrotation Yrotation Xrotation
												End Site
												{
													OFFSET 0.000000 0.000000 0.000000
												}
											}
										}
									}
								}
								JOINT RightHandIndex1
								{
									OFFSET -3.253270 -0.520059 2.282866
									CHANNELS 3 Zrotation Yrotation Xrotation
									JOINT RightHandIndex2
									{
										OFFSET -6.341917 0.012472 0.178265
										CHANNELS 3 Zrotation Yrotation Xrotation
										JOINT RightHandIndex3
										{
											OFFSET -3.654874 -0.000009 -0.000001
											CHANNELS 3 Zrotation Yrotation Xrotation
											JOINT RightHandIndex4
											{
												OFFSET -2.327587 0.000001 0.000001
												CHANNELS 3 Zrotation Yrotation Xrotation
												JOINT RightHandIndexEnd
												{
													OFFSET -2.761789 -0.180658 -0.113078
													CHANNELS 3 Zrotation Yrotation Xrotation
													End Site
													{
														OFFSET 0.000000 0.000000 0.000000
													}
												}
											}
										}
									}
								}
								JOINT RightHandMiddle1
								{
									OFFSET -3.168106 0.246593 1.001030
									CHANNELS 3 Zrotation Yrotation Xrotation
									JOINT RightHandMiddle2
									{
										OFFSET -6.180830 -0.258836 -1.000896
										CHANNELS 3 Zrotation Yrotation Xrotation
										JOINT RightHandMiddle3
										{
											OFFSET -4.348905 0.000000 -0.000000
											CHANNELS 3 Zrotation Yrotation Xrotation
											JOINT RightHandMiddle4
											{
												OFFSET -3.000243 -0.000003 -0.000002
												CHANNELS 3 Zrotation Yrotation Xrotation
												JOINT RightHandMiddleEnd
												{
													OFFSET -2.302518 -0.294371 -0.031706
													CHANNELS 3 Zrotation Yrotation Xrotation
													End Site
													{
														OFFSET 0.000000 0.000000 0.000000
													}
												}
											}
										}
									}
								}
								JOINT RightHandRing1
								{
									OFFSET -2.885694 -0.067952 -0.308858
									CHANNELS 3 Zrotation Yrotation Xrotation
									JOINT RightHandRing2
									{
										OFFSET -5.854195 -0.486133 -1.373732
										CHANNELS 3 Zrotation Yrotation Xrotation
										JOINT RightHandRing3
										{
											OFFSET -4.338815 -0.000002 -0.000000
											CHANNELS 3 Zrotation Yrotation Xrotation
											JOINT RightHandRing4
											{
												OFFSET -2.654905 -0.000005 0.000004
												CHANNELS 3 Zrotation Yrotation Xrotation
												JOINT RightHandRingEnd
												{
													OFFSET -1.933570 0.077524 -0.000052
													CHANNELS 3 Zrotation Yrotation Xrotation
													End Site
													{
														OFFSET 0.000000 0.000000 0.000000
													}
												}
											}
										}
									}
								}
								JOINT RightHandPinky1
								{
									OFFSET -2.866429 -0.342799 -1.584145
									CHANNELS 3 Zrotation Yrotation Xrotation
									JOINT RightHandPinky2
									{
										OFFSET -5.091370 -1.332054 -1.772385
										CHANNELS 3 Zrotation Yrotation Xrotation
										JOINT RightHandPinky3
										{
											OFFSET -3.062666 -0.000007 0.000000
											CHANNELS 3 Zrotation Yrotation Xrotation
											JOINT RightHandPinky4
											{
												OFFSET -1.546527 0.000005 -0.000002
												CHANNELS 3 Zrotation Yrotation Xrotation
												JOINT RightHandPinkyEnd
												{
													OFFSET -1.945122 -0.157721 0.057211
													CHANNELS 3 Zrotation Yrotation Xrotation
													End Site
													{
														OFFSET 0.000000 0.000000 0.000000
													}
												}
											}
										}
									}
								}
							}
						}
					}
				}
			}
		}
	}
	JOINT LeftLeg
	{
		OFFSET 10.043214 -8.434526 2.595655
		CHANNELS 3 Zrotation Yrotation Xrotation
		JOINT LeftShin
		{
			OFFSET -0.000001 -43.221752 -0.802913
			CHANNELS 3 Zrotation Yrotation Xrotation
			JOINT LeftFoot
			{
				OFFSET 0.000001 -42.155094 -3.481524
				CHANNELS 3 Zrotation Yrotation Xrotation
				JOINT LeftToeBase
				{
					OFFSET -0.000000 -5.059475 13.231529
					CHANNELS 3 Zrotation Yrotation Xrotation
					JOINT LeftToeEnd
					{
						OFFSET -0.009607 -1.647615 6.513017
						CHANNELS 3 Zrotation Yrotation Xrotation
						End Site
						{
							OFFSET 0.000000 0.000000 0.000000
						}
					}
				}
			}
		}
	}
	JOINT RightLeg
	{
		OFFSET -10.047277 -8.295259 2.620317
		CHANNELS 3 Zrotation Yrotation Xrotation
		JOINT RightShin
		{
			OFFSET 0.000001 -43.362209 -0.805556
			CHANNELS 3 Zrotation Yrotation Xrotation
			JOINT RightFoot
			{
				OFFSET 0.000002 -42.117393 -3.478398
				CHANNELS 3 Zrotation Yrotation Xrotation
				JOINT RightToeBase
				{
					OFFSET -0.000001 -5.079609 13.284196
					CHANNELS 3 Zrotation Yrotation Xrotation
					JOINT RightToeEnd
					{
						OFFSET 0.009532 -1.634383 6.460591
						CHANNELS 3 Zrotation Yrotation Xrotation
						End Site
						{
							OFFSET 0.000000 0.000000 0.000000
						}
					}
				}
			}
		}
	}
}
MOTION
Frames: 120
Frame Time: 0.033333
4.459154 94.536606 -1.980329 0.297317 0.017493 3.557136 -0.567215 -0.010466 1.068346 -0.651412 -1.131945 -3.933679 -1.415371 -2.650387 7.475022 -4.853494 6.157977 11.145792 2.370938 10.785079 -3.462108 -0.474539 11.343411 -12.784318 0.000077 -0.000024 0.000006 -0.012760 -0.026087 -0.002856 0.695020 -3.768070 -10.623267 -0.728091 3.716239 -10.571096 8.579108 -11.237568 3.768041 -26.553396 -26.966047 -47.816563 177.137711 -48.716843 -177.845856 3.085529 -0.299432 -4.252047 -5.882099 9.861279 0.702590 -10.936858 -0.360576 7.156197 0.000001 8.774815 -0.000001 -16.456465 17.811079 5.907307 -1.844031 2.498503 -2.507277 -10.163589 4.678938 4.621102 -20.975994 -0.000005 -0.000000 -21.226254 2.451692 -3.593995 0.000000 -0.000007 -0.000000 -1.362679 2.240798 -0.746323 -21.334887 0.584907 3.008318 -13.821197 -0.000003 0.000001 -23.887129 -0.249079 -0.839482 -60.287113 2.845816 -1.464594 -0.294023 1.679686 0.833256 -14.218190 0.093214 1.300578 -34.211998 -0.287564 0.967168 -20.033180 0.964535 1.212842 0.000001 0.000001 -0.000000 -3.440386 0.788233 0.501655 -15.928171 -3.167307 2.999705 -6.338817 -0.000002 0.000001 -18.123411 3.648178 -4.905661 -0.000003 -0.000000 -0.000002 2.384438 -0.903421 10.850097 49.318729 77.047531 9.102999 -175.611603 39.396645 -177.280365 -12.989291 -5.063190 -10.840724 2.243540 -5.255032 -3.180157 14.282875 -0.826593 6.952495 -0.000002 -12.690592 0.000000 15.750644 -18.042896 2.757015 1.665664 -1.955920 -2.878296 4.727790 -4.170582 4.993919 11.020513 0.000005 -0.000001 12.109033 -3.735710 -2.866780 -0.000000 0.000001 -0.000000 1.291983 -1.928547 -1.498088 14.800109 0.567468 3.865603 14.242551 -1.341732 -6.660649 19.631937 0.143928 -0.648243 49.816288 -0.603495 -6.294274 0.353030 -1.511149 -0.031939 20.222771 3.684308 2.316628 18.787243 0.000007 0.000000 10.751610 -0.479867 1.397904 -0.000000 0.000000 0.000000 3.273802 0.305948 -0.580112 21.486794 11.830366 2.266131 8.162916 0.000002 0.000001 18.399050 -3.798979 -4.940566 0.000003 -0.000002 -0.000001 14.128630 13.616216 -22.760124 -0.317893 -0.710132 32.623764 -16.715391 -5.452919 -7.149535 1.627453 -1.647899 -0.036508 0.000000 0.000000 0.000002 -10.574412 -4.605298 -16.863289 0.084087 0.677720 35.808418 10.567365 -3.592372 -20.283468 -1.465065 1.003576 0.305448 -0.000000 0.000000 -0.000001 
4.069255 94.079170 -1.591498 0.665383 -0.135173 3.638484 -0.846817 -0.073154 1.332989 -0.698999 -0.937985 -3.752494 -1.687660 -2.858005 7.621180 -4.368183 5.530107 9.829113 2.238299 10.395690 -3.422296 -0.379984 11.247961 -12.963205 0.000077 -0.000022 0.000006 0.013459 -0.051919 0.023216 0.736977 -3.806217 -10.650992 -0.718092 3.690676 -10.577808 8.220065 -11.693323 3.797245 -24.608109 -26.862024 -48.972557 177.930145 -49.465809 -178.733734 4.094832 -0.879853 -3.902253 -5.882102 9.861280 0.702589 -10.936859 -0.360575 7.156196 0.000001 8.774814 -0.000003 -16.321833 17.788465 5.903438 -1.844031 2.498503 -2.507275 -10.163591 4.678940 4.621103 -20.975994 -0.000003 0.000001 -21.226254 2.451693 -3.593995 0.000000 -0.000007 -0.000000 -1.362680 2.240798 -0.746322 -21.334894 0.584910 3.008322 -13.821197 -0.000002 0.000001 -23.887131 -0.249079 -0.839482 -60.207485 2.619035 -1.637492 -0.294027 1.679686 0.833256 -14.218192 0.093214 1.300577 -34.212002 -0.287563 0.967168 -20.033180 0.964535 1.212841 0.000000 0.000001 -0.000000 -3.440385 0.788233 0.501655 -15.928169 -3.167306 2.999702 -6.338816 -0.000002 0.000001 -18.123413 3.648177 -4.905663 -0.000004 -0.000001 -0.000002 2.529971 -1.181838 10.696024 47.685272 76.255836 6.390885 -176.620117 39.155167 -178.069901 -12.961652 -5.001153 -9.990917 2.243537 -5.255032 -3.180155 14.282877 -0.826593 6.952497 -0.000000 -12.690590 0.000000 15.563014 -17.891518 2.980862 1.665666 -1.955920 -2.878297 4.727795 -4.170585 4.993919 11.020513 0.000003 -0.000001 12.109030 -3.735709 -2.866780 0.000000 -0.000000 0.000000 1.291984 -1.928547 -1.498088 14.800113 0.567467 3.865603 14.242551 -1.341734 -6.660648 19.631939 0.143927 -0.648243 49.868732 -0.689185 -6.315792 0.353028 -1.511149 -0.031941 20.222765 3.684309 2.316629 18.787245 0.000004 0.000002 10.751610 -0.479868 1.397905 -0.000000 -0.000001 0.000000 3.273804 0.305948 -0.580111 21.486790 11.830365 2.266131 8.162917 -0.000001 -0.000000 18.399054 -3.798980 -4.940567 0.000004 -0.000002 -0.000001 14.135118 13.170710 -23.144878 -0.353984 -0.694149 33.934826 -17.050278 -5.630266 -8.098282 1.598953 -1.667483 0.187960 0.000000 -0.000000 0.000002 -10.839160 -6.602815 -19.919165 0.232833 0.646787 41.791096 9.633557 -3.224953 -19.289707 -1.460860 0.968062 -0.801293 0.000000 0.000000 -0.000001 
3.434183 93.636116 -1.199586 1.083368 -0.662355 3.427971 -1.056890 -0.173223 1.540022 -0.780026 -0.970338 -3.708117 -2.066209 -3.002682 7.935866 -3.833671 4.908700 8.604945 2.129591 10.291340 -3.391541 -0.259547 10.970627 -13.521615 0.000077 -0.000023 0.000006 0.018424 -0.039723 0.040041 0.746508 -3.780376 -10.650099 -0.718504 3.694113 -10.578135 7.205823 -12.315462 4.115302 -22.354715 -26.384480 -50.404831 178.584595 -50.515953 -179.676804 4.683385 -1.607940 -3.227522 -5.882102 9.861278 0.702589 -10.936858 -0.360576 7.156196 0.000001 8.774813 -0.000002 -16.503891 17.804897 5.696440 -1.844030 2.498503 -2.507277 -10.163590 4.678937 4.621102 -20.975992 -0.000005 0.000001 -21.226254 2.451692 -3.593993 0.000000 -0.000007 -0.000000 -1.362677 2.240797 -0.746322 -21.334892 0.584907 3.008321 -13.821197 -0.000005 0.000002 -23.887133 -0.249080 -0.839480 -60.043888 2.503150 -1.626263 -0.294026 1.679685 0.833255 -14.218194 0.093213 1.300579 -34.211998 -0.287565 0.967169 -20.033176 0.964533 1.212842 0.000000 0.000002 0.000000 -3.440385 0.788233 0.501654 -15.928171 -3.167308 2.999703 -6.338817 -0.000002 0.000000 -18.123413 3.648173 -4.905661 -0.000004 -0.000002 -0.000003 2.926125 -1.559142 10.678022 45.587624 75.525772 2.692386 -177.824570 39.630478 -178.850113 -12.619152 -5.371297 -9.915770 2.243538 -5.255032 -3.180155 14.282877 -0.826593 6.952495 -0.000002 -12.690591 -0.000001 15.462552 -17.855602 3.039859 1.665665 -1.955919 -2.878296 4.727796 -4.170582 4.993918 11.020513 0.000002 -0.000001 12.109030 -3.735709 -2.866779 0.000000 -0.000000 0.000001 1.291984 -1.928548 -1.498085 14.800113 0.567468 3.865603 14.242553 -1.341735 -6.660648 19.631939 0.143923 -0.648243 49.868015 -0.703543 -6.421725 0.353029 -1.511149 -0.031941 20.222767 3.684307 2.316629 18.787247 0.000003 0.000000 10.751610 -0.479867 1.397904 -0.000001 0.000000 0.000000 3.273804 0.305947 -0.580111 21.486790 11.830363 2.266134 8.162918 -0.000000 0.000000 18.399052 -3.798979 -4.940567 0.000003 -0.000001 -0.000001 14.342400 13.099730 -22.996561 -0.342787 -0.622317 34.991482 -17.670052 -5.865783 -8.576373 1.586551 -1.620670 0.434102 0.000000 -0.000000 0.000002 -11.056451 -8.625135 -23.490576 0.329284 0.496161 47.281017 8.375970 -3.339184 -18.307280 -1.453480 0.998253 -0.854502 -0.000000 0.000000 -0.000001 
2.603379 93.251999 -0.731616 1.438329 -1.677441 3.032255 -1.074164 -0.348844 1.383718 -0.797028 -1.094532 -3.766645 -2.588837 -3.254004 8.149199 -3.353765 4.506307 7.786983 2.061280 10.211397 -3.359371 -0.058595 10.564584 -13.844992 0.000077 -0.000022 0.000006 0.011321 -0.000642 0.042919 0.755356 -3.716248 -10.643102 -0.740481 3.713962 -10.569551 5.131337 -12.848904 4.600640 -19.970146 -25.697069 -51.350292 179.324066 -52.082336 179.540527 5.245312 -2.418734 -2.273947 -5.882102 9.861279 0.702588 -10.936858 -0.360576 7.156196 0.000002 8.774813 -0.000001 -16.612610 17.824993 5.526803 -1.844032 2.498502 -2.507277 -10.163589 4.678940 4.621102 -20.975996 -0.000004 -0.000000 -21.226254 2.451690 -3.593995 0.000000 -0.000006 -0.000000 -1.362679 2.240797 -0.746324 -21.334890 0.584908 3.008320 -13.821195 -0.000003 0.000002 -23.887131 -0.249080 -0.839483 -59.920551 2.481123 -1.655292 -0.294025 1.679686 0.833255 -14.218194 0.093215 1.300577 -34.211998 -0.287564 0.967166 -20.033175 0.964535 1.212839 -0.000000 -0.000001 0.000000 -3.440384 0.788232 0.501653 -15.928164 -3.167305 2.999702 -6.338816 -0.000000 0.000000 -18.123413 3.648175 -4.905662 -0.000004 -0.000000 -0.000002 3.248382 -1.799006 10.528827 43.583660 74.551231 -0.748409 -179.028870 41.217300 -179.547729 -12.093821 -5.662180 -10.449964 2.243541 -5.255033 -3.180155 14.282877 -0.826593 6.952496 -0.000001 -12.690588 -0.000001 15.551295 -17.881281 2.965667 1.665664 -1.955920 -2.878298 4.727796 -4.170583 4.993920 11.020511 0.000003 -0.000001 12.109032 -3.735708 -2.866779 -0.000000 0.000000 -0.000000 1.291985 -1.928548 -1.498089 14.800111 0.567467 3.865602 14.242553 -1.341734 -6.660649 19.631939 0.143927 -0.648244 50.002754 -0.623565 -6.397812 0.353030 -1.511149 -0.031941 20.222767 3.684305 2.316628 18.787245 0.000005 -0.000001 10.751610 -0.479868 1.397904 -0.000000 0.000000 0.000000 3.273802 0.305947 -0.580111 21.486790 11.830360 2.266131 8.162916 0.000002 0.000000 18.399050 -3.798979 -4.940566 0.000003 0.000001 -0.000001 14.907168 13.034876 -21.971127 -0.343584 -0.626883 35.442623 -18.238499 -5.769814 -9.088904 1.593222 -1.573038 0.652718 0.000000 -0.000000 0.000002 -11.204388 -9.724476 -26.733267 0.357377 0.383928 49.271152 8.148740 -4.184120 -18.242279 -1.449972 1.077834 -0.560174 -0.000000 -0.000000 -0.000001 
1.460099 92.951492 0.187800 1.788852 -3.372204 2.199230 -0.905955 -0.463564 0.815770 -0.770279 -1.313432 -3.901917 -3.263660 -3.458312 8.082220 -3.102458 4.347146 7.707417 2.025298 10.125067 -3.357489 0.143097 10.135580 -13.512194 0.000077 -0.000023 0.000006 0.006216 0.057251 0.032855 0.767801 -3.644863 -10.674596 -0.766848 3.765310 -10.612793 2.441948 -13.175990 5.259472 -18.290604 -25.031065 -51.879745 -179.445358 -53.947102 178.588120 5.662664 -2.658013 -1.463792 -5.882100 9.861279 0.702591 -10.936858 -0.360574 7.156196 0.000000 8.774813 -0.000001 -16.606180 17.889370 5.460006 -1.844030 2.498503 -2.507276 -10.163589 4.678941 4.621104 -20.975992 -0.000004 -0.000000 -21.226254 2.451692 -3.593995 0.000000 -0.000007 -0.000000 -1.362681 2.240796 -0.746321 -21.334892 0.584910 3.008319 -13.821194 -0.000002 0.000001 -23.887125 -0.249078 -0.839483 -59.726742 2.509253 -1.583678 -0.294024 1.679686 0.833255 -14.218192 0.093215 1.300579 -34.212002 -0.287564 0.967170 -20.033178 0.964537 1.212842 0.000000 -0.000000 0.000000 -3.440384 0.788232 0.501655 -15.928165 -3.167305 2.999703 -6.338816 -0.000002 0.000000 -18.123413 3.648175 -4.905663 -0.000003 -0.000001 -0.000002 3.307113 -1.984849 10.194437 42.702217 73.561089 -1.950400 179.992111 43.929607 179.835632 -11.281194 -5.892388 -10.908602 2.243541 -5.255033 -3.180155 14.282877 -0.826594 6.952495 -0.000001 -12.690590 0.000001 15.655602 -17.805519 2.792403 1.665665 -1.955919 -2.878298 4.727793 -4.170584 4.993918 11.020514 0.000003 -0.000002 12.109032 -3.735709 -2.866779 0.000000 0.000000 0.000001 1.291985 -1.928547 -1.498088 14.800117 0.567467 3.865602 14.242553 -1.341734 -6.660649 19.631941 0.143925 -0.648244 50.119228 -0.528947 -6.278425 0.353030 -1.511150 -0.031939 20.222771 3.684305 2.316628 18.787247 0.000004 -0.000002 10.751610 -0.479869 1.397903 -0.000001 0.000000 0.000000 3.273806 0.305947 -0.580109 21.486790 11.830367 2.266129 8.162916 0.000003 -0.000001 18.399054 -3.798979 -4.940568 0.000003 0.000000 -0.000001 15.780887 12.549185 -19.332176 -0.341040 -0.666240 34.724888 -18.777693 -5.086980 -10.059364 1.616696 -1.525159 0.950560 0.000000 -0.000000 0.000002 -11.227051 -9.962160 -28.934021 0.354017 0.437746 48.386524 8.358786 -5.014745 -17.495596 -1.453461 1.140270 -0.449352 0.000000 0.000000 -0.000001 
-0.093536 92.796669 1.735424 2.083985 -6.009238 0.577980 -0.556306 -0.398312 0.012274 -0.699222 -1.523626 -4.106861 -4.010340 -3.611134 7.683362 -3.403656 4.604007 8.576373 2.049415 10.237721 -3.442279 0.304113 9.998065 -11.840719 0.000077 -0.000023 0.000006 0.011534 0.125351 0.021354 0.788986 -3.575451 -10.723870 -0.778485 3.827156 -10.687593 -0.249740 -12.881645 5.705027 -17.879240 -24.240536 -51.021854 -178.463242 -55.746368 177.704330 6.113006 -2.053662 -0.869851 -5.882098 9.861278 0.702590 -10.936858 -0.360576 7.156197 0.000000 8.774810 -0.000001 -16.348286 17.899841 5.767513 -1.844032 2.498502 -2.507276 -10.163589 4.678937 4.621103 -20.975992 -0.000004 0.000002 -21.226246 2.451691 -3.593992 0.000000 -0.000007 -0.000000 -1.362680 2.240796 -0.746323 -21.334892 0.584907 3.008320 -13.821194 -0.000003 0.000002 -23.887125 -0.249081 -0.839480 -59.412315 2.613728 -1.414691 -0.294024 1.679685 0.833256 -14.218192 0.093214 1.300579 -34.211998 -0.287564 0.967171 -20.033176 0.964536 1.212843 -0.000000 0.000001 0.000000 -3.440384 0.788232 0.501654 -15.928165 -3.167307 2.999703 -6.338814 -0.000002 0.000000 -18.123413 3.648173 -4.905660 -0.000004 -0.000001 -0.000002 2.788655 -1.763770 10.068983 42.619102 72.972282 -1.684114 179.049927 47.271275 179.113037 -10.337004 -5.901125 -10.524179 2.243540 -5.255033 -3.180155 14.282875 -0.826592 6.952496 -0.000001 -12.690591 -0.000002 15.748729 -17.456909 2.690157 1.665666 -1.955920 -2.878296 4.727795 -4.170582 4.993918 11.020511 0.000003 -0.000002 12.109028 -3.735709 -2.866781 0.000002 0.000000 0.000000 1.291982 -1.928548 -1.498088 14.800113 0.567468 3.865603 14.242553 -1.341735 -6.660650 19.631937 0.143926 -0.648244 49.852043 -0.567814 -5.991112 0.353028 -1.511149 -0.031941 20.222763 3.684307 2.316628 18.787245 0.000005 -0.000001 10.751608 -0.479867 1.397904 0.000000 0.000000 0.000000 3.273804 0.305947 -0.580111 21.486788 11.830361 2.266130 8.162916 0.000002 -0.000000 18.399050 -3.798977 -4.940567 0.000003 0.000000 -0.000001 17.103722 11.047026 -14.264574 -0.301008 -0.626326 32.552639 -19.372026 -2.953040 -11.128327 1.681687 -1.592758 0.795599 0.000000 0.000000 0.000002 -10.827937 -9.597742 -29.448933 0.349819 0.563206 47.054276 8.697884 -4.361280 -15.437456 -1.459927 1.073452 -0.486876 0.000000 0.000000 -0.000001 
-2.111630 92.637901 3.710043 2.370740 -9.387538 -1.932196 0.041305 -0.269249 -0.913394 -0.626048 -1.555975 -4.416640 -4.629108 -3.558518 7.034078 -4.750690 5.464131 10.105208 1.983844 9.992090 -3.462289 0.536712 9.948503 -8.890082 0.000077 -0.000022 0.000006 0.016427 0.187689 0.028354 0.775437 -3.508694 -10.753022 -0.758651 3.877347 -10.733699 -3.154436 -11.831297 6.642694 -17.594460 -24.038403 -49.853893 -177.985886 -57.646622 177.261597 6.116593 -1.230521 -0.204209 -5.882099 9.861279 0.702590 -10.936858 -0.360574 7.156197 -0.000001 8.774815 -0.000002 -15.808849 17.831982 6.131451 -1.844030 2.498503 -2.507276 -10.163591 4.678941 4.621104 -20.975992 -0.000002 0.000000 -21.226254 2.451692 -3.593995 0.000000 -0.000008 -0.000000 -1.362682 2.240797 -0.746322 -21.334887 0.584909 3.008319 -13.821198 -0.000002 0.000001 -23.887129 -0.249077 -0.839483 -58.763626 2.770659 -1.166624 -0.294023 1.679686 0.833255 -14.218190 0.093215 1.300578 -34.211998 -0.287562 0.967168 -20.033180 0.964534 1.212840 -0.000000 -0.000001 0.000000 -3.440387 0.788233 0.501654 -15.928164 -3.167306 2.999704 -6.338817 -0.000003 0.000001 -18.123413 3.648178 -4.905663 -0.000004 -0.000002 -0.000002 1.349074 -1.005245 10.201093 42.528103 72.780937 -1.486087 178.139145 50.587727 178.182327 -9.850765 -5.512194 -9.157160 2.243540 -5.255032 -3.180155 14.282877 -0.826594 6.952495 -0.000002 -12.690588 0.000000 16.034883 -17.170414 2.489685 1.665666 -1.955920 -2.878296 4.727797 -4.170584 4.993918 11.020512 0.000003 -0.000001 12.109032 -3.735710 -2.866781 0.000000 0.000000 0.000000 1.291985 -1.928548 -1.498088 14.800109 0.567467 3.865602 14.242556 -1.341735 -6.660648 19.631941 0.143926 -0.648244 49.284069 -0.712324 -5.821313 0.353032 -1.511149 -0.031940 20.222767 3.684305 2.316627 18.787247 0.000004 -0.000001 10.751613 -0.479868 1.397903 -0.000000 0.000000 0.000000 3.273805 0.305946 -0.580110 21.486794 11.830361 2.266130 8.162915 0.000001 -0.000001 18.399052 -3.798978 -4.940568 0.000003 -0.000000 -0.000001 18.241240 8.019242 -8.501183 -0.169902 -0.647951 31.710463 -19.974806 1.375855 -11.244603 1.748408 -1.793266 -0.556104 0.000000 -0.000000 0.000002 -10.117024 -8.709298 -27.586357 0.323876 0.538021 47.148281 8.495785 -2.513084 -14.861844 -1.451351 0.988888 -0.687031 -0.000000 -0.000000 -0.000001 
-4.431851 92.397812 5.607376 3.111758 -12.046962 -4.985311 0.541299 -0.294445 -1.703102 -0.501125 -1.131035 -4.659328 -5.367733 -3.375891 6.334579 -6.342412 6.546185 11.449244 1.933253 9.750380 -3.605932 0.593494 10.415303 -5.890913 0.000077 -0.000023 0.000006 0.016183 0.056217 0.027433 0.749396 -3.655623 -10.760110 -0.736487 3.762391 -10.770052 -5.799356 -10.639313 7.213473 -17.285694 -24.169044 -48.891216 -177.839874 -59.420246 177.208725 6.184018 -0.653002 0.851984 -5.882101 9.861278 0.702590 -10.936864 -0.360576 7.156197 0.000001 8.774810 -0.000002 -15.362587 17.497730 6.270990 -1.844032 2.498502 -2.507276 -10.163589 4.678937 4.621102 -20.976000 -0.000006 0.000002 -21.226255 2.451690 -3.593993 -0.000000 -0.000007 -0.000000 -1.362680 2.240796 -0.746324 -21.334894 0.584907 3.008321 -13.821198 -0.000005 0.000002 -23.887133 -0.249080 -0.839480 -58.498592 2.689960 -0.934163 -0.294024 1.679686 0.833255 -14.218195 0.093213 1.300577 -34.212013 -0.287567 0.967170 -20.033180 0.964533 1.212842 0.000000 0.000001 -0.000000 -3.440386 0.788232 0.501656 -15.928171 -3.167307 2.999703 -6.338817 -0.000002 0.000001 -18.123411 3.648175 -4.905662 -0.000005 -0.000002 -0.000002 0.295057 0.039459 9.774766 41.227757 72.747948 -2.555900 177.306488 52.932358 177.456009 -10.133865 -5.472305 -7.606913 2.243541 -5.255033 -3.180154 14.282878 -0.826594 6.952496 -0.000003 -12.690590 0.000001 16.419716 -17.301619 2.406173 1.665664 -1.955919 -2.878296 4.727794 -4.170584 4.993918 11.020514 0.000003 -0.000001 12.109035 -3.735709 -2.866779 0.000000 0.000000 0.000000 1.291986 -1.928548 -1.498088 14.800114 0.567468 3.865602 14.242554 -1.341735 -6.660648 19.631939 0.143926 -0.648243 49.612778 -0.676965 -5.889779 0.353027 -1.511149 -0.031940 20.222773 3.684306 2.316627 18.787251 0.000005 -0.000001 10.751611 -0.479867 1.397903 -0.000000 0.000000 -0.000000 3.273803 0.305947 -0.580110 21.486797 11.830364 2.266130 8.162916 0.000002 -0.000001 18.399054 -3.798979 -4.940567 0.000003 -0.000000 -0.000001 18.501598 5.696946 -6.742878 -0.227304 -1.011861 37.538071 -16.017109 4.001197 -6.841190 1.801185 -1.980735 -3.875084 0.000000 -0.000000 0.000002 -9.925632 -7.314302 -23.852024 0.295642 0.292455 47.940762 7.909435 -1.097408 -18.211561 -1.453096 0.904622 -0.201202 -0.000000 -0.000000 -0.000001 
-6.455105 92.383301 7.127485 3.216702 -14.090867 -8.351136 1.453391 -0.205215 -1.901395 -0.286808 -0.896246 -4.785964 -5.126210 -2.668414 6.062248 -8.246736 7.806795 12.102190 1.878444 9.403071 -3.701968 0.581918 10.947845 -3.694159 0.000077 -0.000023 0.000006 0.024574 -0.010366 0.001890 0.779057 -3.718293 -10.732588 -0.748646 3.690014 -10.751773 -8.237866 -9.682462 7.389591 -18.124641 -23.728737 -47.914196 -178.348175 -60.260632 177.747787 5.476240 -0.127581 2.711478 -5.882100 9.861277 0.702591 -10.936859 -0.360575 7.156198 0.000000 8.774811 -0.000002 -15.480159 17.112053 6.145144 -1.844031 2.498502 -2.507274 -10.163592 4.678938 4.621105 -20.975996 -0.000004 0.000003 -21.226250 2.451690 -3.593992 -0.000000 -0.000008 -0.000000 -1.362680 2.240796 -0.746323 -21.334892 0.584907 3.008322 -13.821197 -0.000004 0.000003 -23.887129 -0.249077 -0.839479 -58.588566 2.819290 -1.018869 -0.294024 1.679686 0.833254 -14.218195 0.093213 1.300581 -34.212006 -0.287564 0.967173 -20.033180 0.964535 1.212844 0.000000 0.000000 -0.000000 -3.440386 0.788232 0.501655 -15.928167 -3.167306 2.999706 -6.338817 -0.000001 0.000003 -18.123415 3.648172 -4.905657 -0.000004 -0.000001 -0.000001 1.068073 1.170675 10.316398 31.369913 72.662445 -9.806838 178.034515 54.119137 178.214417 -9.510568 -5.567332 -5.734204 2.243539 -5.255033 -3.180155 14.282875 -0.826594 6.952495 -0.000003 -12.690592 0.000001 16.715055 -17.529343 2.461267 1.665667 -1.955920 -2.878297 4.727797 -4.170584 4.993919 11.020510 0.000002 -0.000001 12.109034 -3.735710 -2.866779 -0.000001 0.000000 0.000000 1.291985 -1.928548 -1.498088 14.800113 0.567468 3.865603 14.242551 -1.341735 -6.660648 19.631939 0.143925 -0.648244 49.986839 -0.490461 -5.994276 0.353027 -1.511150 -0.031940 20.222765 3.684306 2.316628 18.787243 0.000004 -0.000000 10.751610 -0.479868 1.397904 0.000000 -0.000000 -0.000000 3.273803 0.305947 -0.580110 21.486790 11.830364 2.266131 8.162916 0.000001 0.000000 18.399052 -3.798980 -4.940568 0.000003 0.000000 -0.000001 19.326975 4.635841 -9.835139 -0.510341 -1.174045 51.080719 -6.756160 0.876608 1.383829 1.781666 -2.017263 -4.731959 -0.000001 0.000000 0.000002 -9.213073 -6.285492 -19.316654 0.230184 0.147464 47.968918 7.090173 0.361460 -19.907528 -1.436365 0.918596 0.420983 -0.000000 -0.000000 -0.000001 
-7.947370 92.703545 8.596583 3.154928 -16.409187 -12.066279 2.562339 -0.145597 -1.779253 0.086085 -0.263294 -4.736240 -4.221465 -1.836523 6.011649 -10.093822 9.262727 12.975944 1.731095 9.165376 -3.734199 0.702616 11.171883 -1.960826 0.000077 -0.000022 0.000006 0.043096 0.041286 -0.039924 0.829780 -3.650689 -10.706476 -0.772420 3.734399 -10.753416 -9.506122 -8.185615 7.577701 -20.765400 -22.412060 -45.881889 -179.115005 -60.245586 178.627838 4.195235 0.806339 4.730875 -5.882099 9.861279 0.702589 -10.936860 -0.360574 7.156199 0.000001 8.774814 -0.000003 -15.823614 16.708572 5.866467 -1.844031 2.498503 -2.507276 -10.163589 4.678939 4.621105 -20.975992 -0.000003 0.000003 -21.226254 2.451692 -3.593994 0.000000 -0.000006 -0.000000 -1.362679 2.240797 -0.746322 -21.334890 0.584908 3.008322 -13.821197 -0.000002 0.000004 -23.887129 -0.249078 -0.839480 -58.661098 2.941299 -1.263238 -0.294025 1.679686 0.833255 -14.218194 0.093214 1.300580 -34.211998 -0.287563 0.967172 -20.033176 0.964537 1.212843 0.000000 -0.000001 -0.000000 -3.440386 0.788233 0.501655 -15.928167 -3.167307 2.999703 -6.338817 -0.000002 0.000003 -18.123415 3.648176 -4.905662 -0.000003 -0.000000 -0.000003 2.612487 2.771265 11.302446 18.634838 71.135292 -18.050833 179.526611 54.402878 179.760071 -7.873830 -5.356399 -3.050544 2.243539 -5.255033 -3.180155 14.282873 -0.826592 6.952495 -0.000003 -12.690591 0.000001 17.065598 -17.565104 2.345082 1.665666 -1.955919 -2.878296 4.727795 -4.170583 4.993919 11.020511 0.000002 -0.000001 12.109030 -3.735709 -2.866779 -0.000000 0.000000 -0.000000 1.291987 -1.928547 -1.498088 14.800114 0.567469 3.865604 14.242554 -1.341735 -6.660649 19.631937 0.143926 -0.648242 50.309666 -0.325986 -6.061031 0.353026 -1.511150 -0.031939 20.222767 3.684307 2.316630 18.787243 0.000005 0.000001 10.751611 -0.479868 1.397906 -0.000000 0.000000 0.000000 3.273806 0.305948 -0.580110 21.486790 11.830364 2.266133 8.162916 0.000002 0.000000 18.399054 -3.798979 -4.940566 0.000003 0.000000 -0.000000 19.816334 3.027713 -14.448696 -0.684511 -1.010222 68.655502 -1.781292 -5.432497 4.126949 1.702811 -2.020701 -2.655066 0.000000 0.000001 0.000001 -8.598914 -5.185764 -13.578033 0.170692 0.069456 46.107273 6.205760 2.060347 -20.760796 -1.444644 0.966852 0.854880 0.000000 0.000001 -0.000001 
-8.925897 93.562035 10.182978 3.943296 -19.201551 -16.259159 3.428886 -0.061809 -1.555826 0.538160 0.843068 -4.676848 -3.383059 -0.826600 6.189206 -11.570497 10.926625 14.748164 1.676248 8.847965 -3.758075 1.116641 11.007565 -0.046055 0.000077 -0.000023 0.000006 0.052554 0.108227 -0.084787 0.838803 -3.568420 -10.687808 -0.761713 3.779490 -10.767133 -10.224757 -5.580536 7.791696 -23.252506 -20.646189 -42.661716 -178.782608 -59.947773 178.389206 2.605395 1.450950 6.184521 -5.882099 9.861278 0.702591 -10.936862 -0.360576 7.156198 0.000003 8.774814 0.000000 -16.230614 16.283499 5.460183 -1.844030 2.498502 -2.507274 -10.163592 4.678940 4.621107 -20.975992 -0.000003 0.000005 -21.226255 2.451692 -3.593991 -0.000000 -0.000006 -0.000000 -1.362679 2.240797 -0.746323 -21.334892 0.584907 3.008322 -13.821197 -0.000003 0.000004 -23.887133 -0.249078 -0.839477 -58.633011 2.811200 -1.339640 -0.294023 1.679686 0.833257 -14.218190 0.093214 1.300581 -34.212002 -0.287566 0.967174 -20.033178 0.964535 1.212844 0.000000 0.000001 0.000000 -3.440386 0.788233 0.501656 -15.928167 -3.167307 2.999705 -6.338817 -0.000001 0.000003 -18.123411 3.648176 -4.905658 -0.000004 0.000001 -0.000002 4.149416 4.839952 12.728087 10.098321 68.496582 -21.675880 -179.014709 53.748219 -178.693909 -5.441167 -4.346174 -0.717358 2.243539 -5.255032 -3.180154 14.282878 -0.826595 6.952494 -0.000003 -12.690588 0.000003 17.186817 -17.500088 2.204248 1.665663 -1.955920 -2.878297 4.727792 -4.170585 4.993919 11.020513 0.000003 -0.000002 12.109034 -3.735711 -2.866779 -0.000000 0.000000 -0.000001 1.291986 -1.928547 -1.498087 14.800117 0.567467 3.865602 14.242554 -1.341734 -6.660646 19.631941 0.143924 -0.648244 50.099056 -0.201465 -5.952258 0.353030 -1.511149 -0.031941 20.222767 3.684305 2.316627 18.787245 0.000004 -0.000002 10.751611 -0.479868 1.397903 0.000000 0.000000 0.000000 3.273805 0.305947 -0.580110 21.486794 11.830361 2.266127 8.162918 0.000002 -0.000001 18.399057 -3.798979 -4.940568 0.000003 0.000000 0.000000 18.901136 1.449919 -19.193310 -0.696997 -0.828826 87.428345 -0.614554 -10.548366 2.686273 1.680709 -1.986486 -1.968491 0.000000 0.000000 0.000002 -9.009276 -3.544253 -7.052239 0.119196 0.098352 42.701656 5.690281 3.962312 -20.237656 -1.458454 0.934165 1.010758 0.000000 0.000000 -0.000001 
-9.592924 94.759560 11.719106 5.899675 -21.863844 -21.248016 3.825760 0.313834 -1.007762 0.757893 1.926299 -4.576649 -2.737123 0.690746 6.680332 -12.438459 12.423280 17.468157 1.844121 8.587979 -3.778826 1.668261 9.994747 2.096656 0.000077 -0.000022 0.000006 0.049513 0.205660 -0.137817 0.815354 -3.450425 -10.695405 -0.738726 3.857415 -10.802993 -10.842810 -2.552049 7.877132 -24.050152 -19.015858 -38.176662 -178.141785 -59.547493 177.420639 1.244947 1.680379 5.889518 -5.882099 9.861279 0.702590 -10.936858 -0.360576 7.156196 -0.000000 8.774816 -0.000000 -16.408363 15.959996 5.209971 -1.844031 2.498502 -2.507275 -10.163589 4.678940 4.621103 -20.975996 -0.000003 0.000001 -21.226254 2.451692 -3.593994 0.000000 -0.000007 -0.000000 -1.362681 2.240797 -0.746324 -21.334892 0.584908 3.008319 -13.821198 -0.000004 0.000001 -23.887131 -0.249080 -0.839480 -58.683868 2.655631 -1.109739 -0.294023 1.679687 0.833255 -14.218190 0.093214 1.300578 -34.212006 -0.287566 0.967168 -20.033180 0.964535 1.212841 -0.000000 0.000000 0.000000 -3.440385 0.788232 0.501653 -15.928167 -3.167307 2.999702 -6.338815 -0.000001 0.000002 -18.123411 3.648176 -4.905662 -0.000004 -0.000000 -0.000002 5.033825 6.719001 14.501081 8.192106 65.886436 -19.693254 -177.357285 52.623764 -177.432938 -3.168411 -2.735600 0.926630 2.243541 -5.255032 -3.180155 14.282873 -0.826593 6.952495 -0.000002 -12.690592 0.000001 16.981359 -17.522625 2.302796 1.665665 -1.955919 -2.878297 4.727794 -4.170582 4.993918 11.020509 0.000003 -0.000002 12.109029 -3.735711 -2.866781 -0.000000 0.000000 0.000000 1.291984 -1.928548 -1.498087 14.800111 0.567468 3.865603 14.242553 -1.341734 -6.660648 19.631935 0.143927 -0.648244 49.610668 -0.148629 -5.665061 0.353027 -1.511150 -0.031941 20.222765 3.684307 2.316628 18.787243 0.000005 -0.000003 10.751610 -0.479867 1.397903 0.000000 0.000000 -0.000001 3.273805 0.305947 -0.580110 21.486788 11.830364 2.266129 8.162915 0.000001 0.000000 18.399050 -3.798978 -4.940566 0.000003 0.000000 -0.000001 17.051918 1.881966 -25.014072 -0.599853 -0.697664 105.274971 0.241812 -15.510085 1.504246 1.680922 -1.914517 -1.680416 0.000000 0.000000 0.000000 -10.552031 -1.503553 0.232345 0.098894 0.342092 37.966991 5.845297 5.723765 -18.793867 -1.481554 0.917721 0.703248 0.000000 0.000001 -0.000001 
-10.114530 95.519394 13.047407 8.338906 -23.691088 -26.837297 3.878851 0.830200 0.186819 0.854330 2.743618 -4.260114 -2.593401 2.310542 7.250710 -12.435395 13.493160 20.591635 1.891367 7.857668 -3.732248 2.367671 8.918698 3.645734 0.000077 -0.000022 0.000006 0.049536 0.147979 -0.142525 0.784762 -3.514140 -10.716173 -0.711457 3.804942 -10.820001 -11.097561 0.066645 8.384349 -22.957718 -17.946934 -34.053238 -177.650513 -58.798405 176.271072 0.258676 1.918191 5.780211 -5.882100 9.861279 0.702591 -10.936862 -0.360575 7.156198 0.000002 8.774813 -0.000002 -16.587946 16.186489 5.090419 -1.844029 2.498504 -2.507275 -10.163589 4.678939 4.621106 -20.975992 -0.000003 0.000005 -21.226254 2.451692 -3.593991 0.000000 -0.000004 -0.000000 -1.362680 2.240796 -0.746323 -21.334887 0.584908 3.008322 -13.821197 -0.000000 0.000004 -23.887129 -0.249079 -0.839478 -58.844208 2.544305 -0.685387 -0.294025 1.679686 0.833255 -14.218192 0.093215 1.300580 -34.211998 -0.287562 0.967169 -20.033180 0.964536 1.212842 0.000000 -0.000001 0.000000 -3.440387 0.788232 0.501657 -15.928169 -3.167307 2.999704 -6.338817 -0.000001 0.000002 -18.123415 3.648176 -4.905659 -0.000004 0.000001 -0.000002 5.220516 8.146129 15.686483 12.026112 64.386101 -14.209155 -176.203720 52.186485 -176.826553 -2.055657 -1.382897 0.355138 2.243538 -5.255033 -3.180155 14.282877 -0.826594 6.952496 -0.000002 -12.690590 0.000001 16.957878 -17.395121 2.131259 1.665666 -1.955921 -2.878297 4.727795 -4.170583 4.993919 11.020511 0.000002 -0.000001 12.109031 -3.735709 -2.866779 -0.000000 0.000001 -0.000000 1.291983 -1.928548 -1.498087 14.800113 0.567468 3.865602 14.242551 -1.341735 -6.660647 19.631937 0.143926 -0.648243 49.024075 -0.125961 -5.688499 0.353029 -1.511149 -0.031941 20.222769 3.684307 2.316629 18.787245 0.000004 -0.000001 10.751610 -0.479868 1.397903 0.000000 0.000000 0.000000 3.273806 0.305947 -0.580110 21.486795 11.830366 2.266131 8.162917 0.000002 0.000002 18.399055 -3.798979 -4.940567 0.000001 0.000000 -0.000002 15.404227 5.345173 -32.866463 -0.607340 -0.574071 119.587997 0.582566 -20.903160 2.307697 1.641412 -1.839215 -1.320006 0.000001 -0.000000 0.000002 -12.226883 1.284421 7.129509 -0.005130 0.453066 34.446457 6.062297 5.916394 -17.900146 -1.478545 0.876683 0.199507 -0.000000 0.000001 -0.000001 
-10.731613 95.721626 14.126144 10.661024 -24.065016 -32.689743 3.463823 1.393555 1.894345 0.725454 3.189711 -3.779499 -2.598458 3.681771 8.134653 -11.948876 13.854928 23.886776 1.828328 7.014419 -3.578099 2.847809 7.659707 4.354469 0.000077 -0.000023 0.000006 0.028010 0.119121 -0.099197 0.752689 -3.580109 -10.738639 -0.719313 3.804758 -10.814407 -11.172738 1.831273 9.073431 -21.257559 -17.688749 -30.353226 -177.932190 -57.630894 176.062668 -0.334475 2.411790 4.688815 -5.882100 9.861279 0.702589 -10.936857 -0.360575 7.156198 0.000002 8.774813 -0.000001 -16.699013 16.456896 5.090174 -1.844029 2.498503 -2.507277 -10.163587 4.678940 4.621102 -20.975992 -0.000008 0.000001 -21.226255 2.451692 -3.593993 0.000000 -0.000004 -0.000000 -1.362681 2.240795 -0.746322 -21.334892 0.584907 3.008320 -13.821194 -0.000004 0.000003 -23.887131 -0.249078 -0.839480 -58.663242 2.561073 -0.291323 -0.294025 1.679684 0.833254 -14.218192 0.093214 1.300578 -34.211998 -0.287565 0.967170 -20.033175 0.964532 1.212842 -0.000001 0.000001 0.000001 -3.440387 0.788231 0.501653 -15.928165 -3.167307 2.999704 -6.338817 -0.000001 0.000001 -18.123413 3.648175 -4.905661 -0.000004 -0.000000 -0.000003 5.001704 9.033154 16.260582 19.534679 63.208904 -7.146788 -175.894058 52.032413 -177.117233 -1.882432 -0.774772 -0.670895 2.243540 -5.255032 -3.180155 14.282877 -0.826594 6.952495 -0.000002 -12.690590 0.000001 16.953785 -17.132227 1.936659 1.665663 -1.955919 -2.878296 4.727794 -4.170584 4.993918 11.020513 0.000003 -0.000001 12.109033 -3.735710 -2.866778 -0.000000 0.000000 -0.000000 1.291987 -1.928548 -1.498087 14.800113 0.567468 3.865601 14.242553 -1.341735 -6.660646 19.631939 0.143927 -0.648243 48.750755 -0.146566 -5.781283 0.353031 -1.511150 -0.031940 20.222769 3.684307 2.316627 18.787245 0.000004 -0.000001 10.751610 -0.479868 1.397904 0.000000 0.000000 0.000001 3.273806 0.305948 -0.580110 21.486792 11.830364 2.266131 8.162917 0.000002 0.000001 18.399050 -3.798980 -4.940565 0.000003 -0.000000 -0.000001 12.796655 11.599727 -43.709637 -0.712533 -0.501176 129.136108 -0.430359 -25.130938 6.542043 1.634996 -1.842265 -1.289928 0.000000 0.000000 0.000003 -13.351521 4.342538 13.418919 -0.076934 0.494883 33.218857 6.165706 4.620037 -17.646252 -1.460472 0.765941 -0.153914 0.000000 -0.000001 -0.000001 
-11.415493 95.001694 15.080732 11.956435 -23.310257 -38.306477 3.078319 1.443319 3.841955 0.641518 3.520962 -3.173495 -2.606863 4.352193 9.452719 -11.649901 14.188541 26.707697 1.810595 6.332984 -3.471404 3.106428 6.622080 4.521885 0.000077 -0.000022 0.000006 0.012831 -0.000181 -0.023197 0.737850 -3.747101 -10.751356 -0.730984 3.732997 -10.784719 -11.196410 2.826516 9.646279 -20.254772 -17.716545 -28.314198 -177.470337 -55.805759 176.166107 -0.703505 2.982611 3.243680 -5.882104 9.861279 0.702588 -10.936857 -0.360574 7.156196 0.000001 8.774815 -0.000002 -17.227703 16.491899 4.806233 -1.844031 2.498503 -2.507278 -10.163591 4.678941 4.621103 -20.975998 -0.000003 -0.000000 -21.226255 2.451695 -3.593998 0.000000 -0.000004 -0.000001 -1.362679 2.240798 -0.746322 -21.334892 0.584911 3.008320 -13.821197 -0.000004 -0.000000 -23.887131 -0.249078 -0.839485 -58.451698 2.506049 -0.103991 -0.294023 1.679687 0.833256 -14.218190 0.093215 1.300579 -34.212006 -0.287564 0.967166 -20.033180 0.964535 1.212840 -0.000001 -0.000001 0.000000 -3.440385 0.788234 0.501655 -15.928169 -3.167305 2.999703 -6.338816 0.000000 0.000000 -18.123415 3.648178 -4.905664 -0.000004 0.000002 -0.000003 4.702946 9.556351 16.049414 28.811310 62.219494 0.750481 -176.558945 52.154430 -177.738846 -2.522609 -0.490412 -1.783495 2.243541 -5.255033 -3.180154 14.282879 -0.826595 6.952497 -0.000002 -12.690590 0.000001 16.958576 -16.755989 1.817895 1.665664 -1.955920 -2.878296 4.727795 -4.170585 4.993920 11.020512 0.000002 -0.000000 12.109031 -3.735712 -2.866778 -0.000000 -0.000000 -0.000001 1.291985 -1.928548 -1.498088 14.800109 0.567467 3.865604 14.242551 -1.341735 -6.660646 19.631937 0.143924 -0.648242 48.517803 -0.265238 -5.748343 0.353028 -1.511150 -0.031940 20.222767 3.684305 2.316629 18.787245 0.000003 0.000001 10.751610 -0.479869 1.397904 0.000000 -0.000000 -0.000000 3.273803 0.305946 -0.580110 21.486792 11.830362 2.266131 8.162917 0.000001 0.000000 18.399055 -3.798982 -4.940568 0.000003 -0.000000 -0.000001 6.741264 19.289845 -58.441021 -0.670718 -0.295501 133.784775 -2.772020 -24.403917 12.897058 1.701999 -1.872747 -1.561962 -0.000001 0.000000 0.000002 -13.313189 7.003667 19.216932 -0.100254 0.251486 34.335899 6.240043 2.366880 -19.200531 -1.436027 0.663436 0.194913 0.000000 -0.000001 -0.000001 
-11.919697 93.700729 15.982620 12.594115 -22.568317 -42.547775 2.982305 1.055702 5.353683 0.606157 3.671134 -2.827809 -2.636785 4.617145 11.144959 -11.823461 14.940507 28.285692 1.755726 5.920043 -3.470023 3.144203 5.790750 4.535331 0.000077 -0.000022 0.000006 0.003409 0.018938 -0.016634 0.737414 -3.749676 -10.779833 -0.744760 3.773347 -10.786338 -11.540068 3.445616 9.570819 -20.548525 -17.208523 -26.936831 -177.197037 -53.679764 176.686295 0.240029 3.977070 0.499992 -5.882101 9.861279 0.702591 -10.936860 -0.360574 7.156199 0.000001 8.774813 -0.000001 -17.307129 16.336843 4.774457 -1.844031 2.498502 -2.507275 -10.163589 4.678938 4.621105 -20.975996 -0.000006 0.000003 -21.226254 2.451692 -3.593992 0.000000 -0.000003 -0.000000 -1.362679 2.240794 -0.746324 -21.334894 0.584908 3.008320 -13.821197 -0.000003 0.000003 -23.887133 -0.249079 -0.839481 -58.433277 2.397557 -0.016970 -0.294024 1.679686 0.833254 -14.218192 0.093213 1.300580 -34.211998 -0.287565 0.967171 -20.033180 0.964535 1.212843 -0.000001 0.000000 0.000000 -3.440384 0.788234 0.501655 -15.928169 -3.167307 2.999705 -6.338816 -0.000001 0.000001 -18.123415 3.648174 -4.905660 -0.000004 -0.000001 -0.000002 5.025978 9.706634 15.955509 35.737209 61.696056 7.066604 -177.861557 52.024857 -178.387222 -4.114946 -0.888402 -2.910122 2.243538 -5.255033 -3.180154 14.282875 -0.826594 6.952495 -0.000003 -12.690592 0.000000 16.888054 -16.624466 2.179490 1.665665 -1.955919 -2.878296 4.727797 -4.170583 4.993918 11.020508 0.000003 -0.000001 12.109031 -3.735710 -2.866779 0.000001 0.000000 0.000000 1.291985 -1.928547 -1.498088 14.800111 0.567468 3.865603 14.242553 -1.341735 -6.660648 19.631939 0.143926 -0.648243 48.524654 -0.368064 -5.455643 0.353030 -1.511149 -0.031940 20.222769 3.684307 2.316628 18.787245 0.000004 -0.000000 10.751610 -0.479868 1.397904 0.000000 0.000000 -0.000001 3.273802 0.305947 -0.580110 21.486792 11.830362 2.266130 8.162916 0.000000 -0.000001 18.399050 -3.798979 -4.940568 0.000003 0.000000 -0.000001 -3.393124 24.652569 -74.514198 -0.299098 -0.229713 130.556412 -6.161721 -19.526897 19.259823 1.764642 -1.947942 -0.780262 0.000000 0.000000 0.000001 -13.301775 8.295845 23.306040 0.034793 0.327329 36.486710 6.613066 1.346935 -22.294981 -1.460320 0.584401 0.604828 -0.000000 -0.000000 -0.000001 
-12.136761 92.574951 16.739035 12.869496 -22.398438 -44.740974 3.254029 0.465541 6.194996 0.725972 3.767088 -2.786981 -2.651456 4.570999 12.600182 -12.819767 16.267939 28.538015 1.667417 5.657304 -3.590550 3.188219 5.754621 3.937843 0.000077 -0.000022 0.000006 0.003562 0.030097 -0.067841 0.743338 -3.703560 -10.814075 -0.745107 3.747541 -10.790357 -11.480093 3.663289 9.074655 -23.488777 -15.719784 -26.316254 -176.174149 -51.326187 176.695572 2.717164 5.365873 -2.201321 -5.882101 9.861277 0.702590 -10.936863 -0.360575 7.156201 0.000002 8.774813 -0.000001 -17.546152 16.248388 4.959479 -1.844031 2.498502 -2.507274 -10.163589 4.678940 4.621106 -20.975996 -0.000003 0.000005 -21.226254 2.451694 -3.593991 0.000000 -0.000005 -0.000000 -1.362679 2.240797 -0.746322 -21.334890 0.584909 3.008322 -13.821195 -0.000001 0.000004 -23.887131 -0.249077 -0.839478 -59.061600 2.198642 0.240648 -0.294025 1.679686 0.833255 -14.218192 0.093214 1.300581 -34.212002 -0.287562 0.967175 -20.033182 0.964536 1.212844 -0.000000 -0.000001 -0.000000 -3.440388 0.788233 0.501656 -15.928171 -3.167306 2.999706 -6.338815 -0.000001 0.000003 -18.123415 3.648179 -4.905659 -0.000004 -0.000000 -0.000001 5.169184 10.175459 15.284557 41.344948 60.808884 11.953203 179.876175 51.729069 -179.165588 -5.932345 -1.719181 -5.581570 2.243540 -5.255032 -3.180156 14.282878 -0.826594 6.952495 -0.000003 -12.690587 -0.000000 16.950161 -16.703983 2.666540 1.665664 -1.955919 -2.878296 4.727794 -4.170582 4.993917 11.020513 0.000003 -0.000001 12.109032 -3.735708 -2.866780 0.000000 -0.000000 -0.000000 1.291986 -1.928547 -1.498088 14.800114 0.567468 3.865603 14.242556 -1.341733 -6.660649 19.631941 0.143926 -0.648244 48.424725 -0.608897 -5.121530 0.353030 -1.511150 -0.031940 20.222771 3.684306 2.316627 18.787245 0.000005 -0.000001 10.751610 -0.479867 1.397905 0.000000 0.000000 0.000000 3.273805 0.305947 -0.580110 21.486790 11.830359 2.266130 8.162918 0.000002 -0.000000 18.399050 -3.798977 -4.940568 0.000003 0.000000 -0.000001 -14.963024 26.061415 -88.411026 0.070961 0.021925 119.175934 -11.008821 -13.748000 24.584740 1.745753 -2.142247 -0.509257 -0.000000 0.000001 0.000003 -13.168508 9.176950 25.079462 0.194996 0.350633 38.627354 6.556191 0.824839 -25.018923 -1.490349 0.555831 0.932678 -0.000000 -0.000000 -0.000001 
-12.149949 91.760033 17.251745 12.985408 -23.132391 -45.218693 3.633183 0.079782 6.453688 1.033355 3.976684 -2.753163 -2.564886 4.291806 13.462378 -14.368390 17.918030 27.624577 1.696733 5.348726 -3.720458 3.363064 6.813486 2.882993 0.000077 -0.000023 0.000006 -0.002865 -0.016783 -0.088162 0.735643 -3.719629 -10.853652 -0.747636 3.659889 -10.792763 -10.390631 3.598908 8.918369 -28.649530 -13.958157 -26.153622 -175.739517 -48.842979 176.656433 5.063405 5.757407 -3.403519 -5.882100 9.861278 0.702589 -10.936858 -0.360573 7.156196 0.000002 8.774813 0.000000 -17.856787 16.465948 5.311759 -1.844031 2.498503 -2.507276 -10.163589 4.678939 4.621103 -20.975996 -0.000003 0.000002 -21.226255 2.451689 -3.593993 0.000000 -0.000004 -0.000000 -1.362681 2.240795 -0.746323 -21.334888 0.584908 3.008319 -13.821197 -0.000004 0.000001 -23.887131 -0.249079 -0.839482 -60.077965 2.167661 0.218799 -0.294026 1.679686 0.833256 -14.218190 0.093214 1.300578 -34.212002 -0.287565 0.967167 -20.033178 0.964534 1.212841 -0.000000 0.000001 -0.000000 -3.440386 0.788234 0.501654 -15.928165 -3.167307 2.999702 -6.338817 -0.000002 0.000000 -18.123413 3.648173 -4.905661 -0.000004 -0.000001 -0.000002 4.409007 10.850967 14.257325 45.141079 59.984093 14.617781 178.038635 51.344761 -179.449402 -6.652665 -2.610356 -8.509381 2.243539 -5.255032 -3.180155 14.282875 -0.826593 6.952496 -0.000003 -12.690588 0.000001 16.736887 -16.711163 2.975434 1.665663 -1.955919 -2.878296 4.727792 -4.170582 4.993918 11.020511 0.000003 -0.000001 12.109031 -3.735709 -2.866779 -0.000000 -0.000000 0.000000 1.291985 -1.928548 -1.498088 14.800114 0.567469 3.865604 14.242554 -1.341735 -6.660649 19.631937 0.143926 -0.648243 48.475834 -0.841259 -5.075488 0.353030 -1.511149 -0.031940 20.222771 3.684308 2.316629 18.787245 0.000004 0.000001 10.751611 -0.479867 1.397905 -0.000000 -0.000000 -0.000000 3.273803 0.305947 -0.580110 21.486794 11.830363 2.266131 8.162916 0.000001 -0.000000 18.399052 -3.798980 -4.940567 0.000003 -0.000001 -0.000002 -23.304911 26.675106 -96.512520 0.396622 0.314916 103.855362 -15.118087 -7.692320 24.230614 1.482421 -2.218286 -1.066260 0.000001 0.000001 0.000002 -12.483411 10.305695 24.495844 0.328458 0.206512 41.195805 6.484509 0.522555 -26.714582 -1.512330 0.534767 0.765076 -0.000000 -0.000001 -0.000001 
-12.022981 91.157349 17.433231 12.946959 -24.066132 -44.777744 3.865204 -0.021171 6.553514 1.226642 3.933581 -2.536866 -2.607423 3.897244 13.767097 -15.879093 19.095470 25.697336 1.773537 5.660711 -3.565132 3.574131 8.115756 1.597546 0.000077 -0.000023 0.000006 -0.011431 -0.042868 -0.077363 0.718122 -3.728986 -10.747077 -0.746227 3.608228 -10.673200 -8.963374 3.396654 9.037728 -32.943642 -13.157031 -26.440437 -175.961929 -46.854008 176.733002 6.591346 5.019420 -3.498399 -5.882102 9.861278 0.702590 -10.936859 -0.360574 7.156196 -0.000000 8.774815 -0.000000 -18.002050 16.814732 5.744023 -1.844031 2.498503 -2.507275 -10.163592 4.678940 4.621104 -20.975996 -0.000003 0.000002 -21.226257 2.451696 -3.593994 0.000000 -0.000005 -0.000000 -1.362679 2.240797 -0.746323 -21.334892 0.584908 3.008322 -13.821197 -0.000002 0.000002 -23.887131 -0.249078 -0.839482 -61.150558 2.248103 0.049105 -0.294025 1.679686 0.833255 -14.218195 0.093215 1.300581 -34.212006 -0.287561 0.967169 -20.033182 0.964535 1.212841 0.000001 0.000000 -0.000000 -3.440384 0.788233 0.501656 -15.928169 -3.167305 2.999705 -6.338817 -0.000000 0.000002 -18.123415 3.648177 -4.905661 -0.000003 -0.000000 -0.000002 3.187286 11.342816 13.239973 46.065609 60.253796 14.358940 177.206238 51.328629 179.971436 -6.336848 -2.984168 -10.576097 2.243538 -5.255032 -3.180156 14.282873 -0.826592 6.952495 -0.000002 -12.690587 -0.000001 16.686010 -16.615337 3.062357 1.665664 -1.955921 -2.878297 4.727792 -4.170582 4.993918 11.020508 0.000003 -0.000002 12.109030 -3.735708 -2.866781 -0.000000 -0.000000 0.000000 1.291984 -1.928548 -1.498088 14.800109 0.567468 3.865602 14.242553 -1.341734 -6.660651 19.631935 0.143927 -0.648244 48.905537 -0.913312 -5.149433 0.353028 -1.511149 -0.031940 20.222767 3.684307 2.316627 18.787245 0.000006 -0.000001 10.751610 -0.479866 1.397903 0.000000 0.000000 0.000000 3.273801 0.305947 -0.580110 21.486788 11.830361 2.266129 8.162915 0.000001 -0.000001 18.399054 -3.798977 -4.940567 0.000003 0.000000 -0.000001 -27.772032 27.895489 -99.758888 0.554878 0.335543 90.230705 -14.433757 -3.101926 20.361910 1.211309 -2.265646 -2.036913 0.000001 -0.000001 0.000002 -11.681601 11.229058 22.878275 0.415124 0.131215 43.455059 6.296615 0.866710 -27.890137 -1.525232 0.484479 0.628587 -0.000000 -0.000001 -0.000001 
-11.951445 90.603737 17.205881 12.734405 -24.441162 -43.792149 3.801708 -0.132202 6.665151 1.119222 3.720826 -2.377083 -2.847552 3.520065 13.827773 -16.980146 19.343140 23.601324 1.925902 6.378218 -3.310994 3.476834 9.517710 0.211483 0.000076 -0.000022 0.000006 -0.021231 -0.035140 -0.053953 0.707660 -3.713969 -10.618286 -0.757623 3.609771 -10.566686 -7.999837 2.474519 9.037929 -34.403873 -13.224514 -27.064970 -176.443008 -45.994373 177.081635 7.116318 4.008410 -3.057248 -5.882104 9.861277 0.702588 -10.936858 -0.360574 7.156197 0.000001 8.774813 0.000000 -18.052355 16.897789 5.958920 -1.844032 2.498503 -2.507277 -10.163587 4.678940 4.621103 -20.975992 -0.000003 0.000001 -21.226248 2.451694 -3.593995 0.000000 -0.000006 -0.000000 -1.362681 2.240796 -0.746322 -21.334887 0.584909 3.008321 -13.821190 -0.000002 0.000001 -23.887129 -0.249079 -0.839482 -61.862053 2.199839 -0.053127 -0.294024 1.679685 0.833256 -14.218190 0.093216 1.300578 -34.211998 -0.287561 0.967168 -20.033175 0.964537 1.212840 0.000000 0.000001 -0.000000 -3.440386 0.788233 0.501655 -15.928164 -3.167305 2.999703 -6.338815 -0.000001 0.000002 -18.123411 3.648177 -4.905663 -0.000005 -0.000001 -0.000002 2.138655 11.104137 12.354188 44.388275 61.641048 12.290317 178.163315 51.630310 -179.811020 -5.785395 -2.803011 -11.121391 2.243541 -5.255033 -3.180155 14.282875 -0.826593 6.952496 -0.000002 -12.690591 0.000000 16.739374 -16.633024 3.091066 1.665664 -1.955920 -2.878296 4.727793 -4.170582 4.993918 11.020511 0.000004 -0.000001 12.109029 -3.735708 -2.866779 -0.000000 -0.000000 0.000000 1.291983 -1.928547 -1.498088 14.800113 0.567469 3.865602 14.242554 -1.341734 -6.660648 19.631939 0.143926 -0.648242 49.533981 -0.894031 -5.259358 0.353031 -1.511150 -0.031940 20.222765 3.684308 2.316629 18.787243 0.000006 0.000000 10.751609 -0.479867 1.397905 0.000000 -0.000000 -0.000000 3.273806 0.305947 -0.580110 21.486788 11.830365 2.266131 8.162913 0.000002 -0.000000 18.399046 -3.798979 -4.940566 0.000003 0.000000 -0.000001 -27.549891 29.510979 -99.643066 0.599759 0.389872 86.163559 -11.723519 -1.417658 19.424238 1.158183 -2.300745 -2.116794 0.000002 -0.000000 0.000002 -11.021484 11.546309 20.723351 0.439426 0.177206 45.720352 6.245541 0.738516 -28.889452 -1.523214 0.500704 1.034028 0.000000 0.000000 -0.000001 
-11.874922 90.451775 16.592636 12.260866 -24.169020 -42.183304 3.505796 -0.220092 6.496119 0.962636 3.411521 -2.232272 -3.278124 3.013715 13.695222 -17.786564 19.078112 21.725315 2.183069 7.438628 -3.111699 3.325092 10.784504 -1.148103 0.000076 -0.000022 0.000006 -0.023335 -0.006075 -0.040407 0.683822 -3.690996 -10.558928 -0.736428 3.640204 -10.530363 -7.669755 1.295497 8.926970 -33.672874 -14.064442 -27.835701 -177.245605 -46.280716 177.816055 6.614542 3.173652 -1.698142 -5.882100 9.861278 0.702590 -10.936860 -0.360574 7.156196 0.000003 8.774815 0.000001 -18.112082 16.778835 5.934330 -1.844031 2.498502 -2.507276 -10.163589 4.678938 4.621105 -20.975998 -0.000008 0.000002 -21.226255 2.451693 -3.593992 0.000000 -0.000007 -0.000000 -1.362680 2.240796 -0.746322 -21.334892 0.584908 3.008322 -13.821195 -0.000004 0.000003 -23.887131 -0.249078 -0.839480 -62.163589 2.147715 -0.071774 -0.294024 1.679686 0.833255 -14.218192 0.093214 1.300580 -34.212002 -0.287566 0.967171 -20.033178 0.964534 1.212843 0.000000 0.000003 -0.000000 -3.440386 0.788233 0.501654 -15.928164 -3.167308 2.999703 -6.338817 -0.000001 0.000001 -18.123413 3.648177 -4.905660 -0.000003 -0.000000 -0.000002 1.653883 10.066975 11.691598 40.986008 63.432194 9.149797 -179.845337 51.976021 -178.979706 -5.376838 -2.313751 -11.330684 2.243540 -5.255033 -3.180156 14.282878 -0.826593 6.952496 -0.000003 -12.690590 0.000000 16.861595 -16.688416 2.977467 1.665666 -1.955920 -2.878297 4.727795 -4.170583 4.993918 11.020514 0.000003 -0.000001 12.109033 -3.735709 -2.866779 -0.000000 -0.000000 -0.000000 1.291983 -1.928548 -1.498088 14.800114 0.567468 3.865604 14.242554 -1.341734 -6.660648 19.631939 0.143926 -0.648243 49.974743 -0.741909 -5.281084 0.353030 -1.511150 -0.031940 20.222771 3.684306 2.316628 18.787247 0.000004 -0.000000 10.751611 -0.479868 1.397904 -0.000000 -0.000000 0.000000 3.273803 0.305947 -0.580110 21.486795 11.830361 2.266131 8.162918 0.000001 -0.000001 18.399055 -3.798978 -4.940568 0.000003 0.000000 -0.000001 -23.044992 30.893982 -96.060760 0.417936 0.337954 89.624214 -8.990434 -0.593281 19.904917 1.365558 -2.355253 -1.728396 0.000001 -0.000001 0.000001 -10.598983 11.127347 18.495281 0.413053 0.283899 46.856102 6.248280 0.496521 -29.071554 -1.514593 0.558618 1.494313 0.000000 -0.000001 -0.000001 
-11.675401 90.873756 15.575717 11.615160 -23.449160 -40.026733 3.146971 -0.161016 6.116230 0.859298 2.993044 -2.186527 -3.898147 2.307363 13.422418 -18.217421 18.839354 20.495398 2.385469 8.686157 -2.969448 3.227844 11.712332 -2.204193 0.000077 -0.000023 0.000006 -0.024147 0.065266 -0.031024 0.637368 -3.629856 -10.495493 -0.697464 3.725250 -10.495426 -7.711337 0.144389 8.926371 -32.009148 -15.106252 -28.926359 -178.255264 -47.202702 178.520432 5.823434 2.283008 0.469691 -5.882101 9.861277 0.702590 -10.936862 -0.360573 7.156199 0.000002 8.774812 -0.000001 -18.052702 16.732294 5.745471 -1.844032 2.498502 -2.507276 -10.163590 4.678939 4.621105 -20.975998 -0.000006 0.000003 -21.226255 2.451693 -3.593991 0.000000 -0.000007 -0.000000 -1.362679 2.240796 -0.746323 -21.334896 0.584907 3.008321 -13.821197 -0.000003 0.000003 -23.887131 -0.249080 -0.839479 -62.036636 2.201156 -0.231416 -0.294024 1.679686 0.833256 -14.218194 0.093213 1.300580 -34.212006 -0.287565 0.967175 -20.033180 0.964535 1.212844 0.000000 0.000000 -0.000000 -3.440386 0.788232 0.501657 -15.928173 -3.167307 2.999706 -6.338818 -0.000002 0.000002 -18.123415 3.648175 -4.905659 -0.000003 -0.000001 -0.000003 1.714754 8.596951 11.518564 37.107178 65.106873 5.412416 -178.324921 52.148674 -178.426483 -5.413052 -1.829717 -11.804653 2.243539 -5.255033 -3.180155 14.282875 -0.826594 6.952496 0.000000 -12.690590 -0.000000 16.803249 -16.786659 2.824858 1.665665 -1.955920 -2.878297 4.727796 -4.170584 4.993919 11.020513 0.000002 -0.000000 12.109035 -3.735711 -2.866780 0.000000 0.000000 -0.000000 1.291984 -1.928548 -1.498088 14.800117 0.567466 3.865604 14.242554 -1.341736 -6.660649 19.631939 0.143924 -0.648243 50.137863 -0.624203 -5.463253 0.353029 -1.511150 -0.031940 20.222769 3.684303 2.316629 18.787245 0.000002 -0.000001 10.751611 -0.479869 1.397904 -0.000000 -0.000000 0.000000 3.273804 0.305946 -0.580110 21.486792 11.830362 2.266132 8.162916 0.000000 -0.000001 18.399054 -3.798981 -4.940568 0.000003 0.000000 -0.000000 -14.119719 31.412680 -87.696976 -0.061793 0.326591 96.365364 -7.339553 0.431484 22.172894 1.568159 -2.333751 -1.422432 -0.000001 0.000000 0.000002 -10.243659 10.382010 16.317236 0.353636 0.365500 46.419437 6.383233 -0.075583 -28.139036 -1.503334 0.636107 1.566476 0.000000 0.000000 -0.000001 
-11.369667 91.838364 14.343702 10.992916 -22.689562 -37.309559 2.792037 0.145197 5.593549 0.674839 2.474595 -2.177150 -4.480941 1.595292 12.839622 -18.180836 18.784697 20.050283 2.393452 9.749858 -2.939751 3.053980 12.179956 -3.102976 0.000077 -0.000023 0.000006 -0.016767 0.090226 -0.019390 0.612720 -3.620985 -10.442506 -0.653965 3.775001 -10.469260 -7.477510 -0.851276 9.400511 -30.508070 -16.091297 -30.777479 -179.047836 -48.031937 178.970291 5.049483 1.253123 2.510119 -5.882098 9.861279 0.702589 -10.936859 -0.360572 7.156199 0.000002 8.774813 -0.000001 -17.950537 16.798655 5.442253 -1.844031 2.498503 -2.507275 -10.163590 4.678939 4.621103 -20.975996 -0.000003 0.000001 -21.226255 2.451695 -3.593994 0.000000 -0.000006 -0.000000 -1.362681 2.240796 -0.746323 -21.334892 0.584908 3.008321 -13.821194 -0.000002 0.000002 -23.887131 -0.249077 -0.839482 -61.557465 2.427653 -0.616279 -0.294026 1.679686 0.833254 -14.218194 0.093215 1.300579 -34.212006 -0.287560 0.967169 -20.033180 0.964536 1.212842 0.000000 0.000002 -0.000000 -3.440388 0.788232 0.501657 -15.928167 -3.167306 2.999704 -6.338819 -0.000001 0.000003 -18.123415 3.648177 -4.905661 -0.000004 -0.000001 -0.000002 1.613594 6.916976 11.903646 34.676247 66.618774 2.088867 -178.111969 51.992794 -178.818024 -5.590376 -1.809695 -12.154243 2.243538 -5.255033 -3.180156 14.282877 -0.826592 6.952495 -0.000001 -12.690590 -0.000001 16.635178 -16.875481 2.605160 1.665661 -1.955920 -2.878296 4.727796 -4.170583 4.993918 11.020511 0.000004 -0.000001 12.109033 -3.735709 -2.866780 -0.000000 -0.000000 0.000000 1.291985 -1.928548 -1.498088 14.800111 0.567469 3.865602 14.242553 -1.341734 -6.660649 19.631939 0.143928 -0.648243 50.029232 -0.629155 -5.905507 0.353029 -1.511150 -0.031940 20.222773 3.684309 2.316628 18.787245 0.000006 -0.000000 10.751611 -0.479867 1.397904 -0.000000 0.000000 -0.000000 3.273804 0.305947 -0.580110 21.486792 11.830366 2.266131 8.162916 0.000001 -0.000001 18.399048 -3.798977 -4.940567 0.000003 0.000000 -0.000001 -2.602124 29.928238 -75.122742 -0.622686 0.222018 102.482735 -8.012754 0.132621 25.610361 1.694591 -2.190664 -0.863374 -0.000000 -0.000000 0.000003 -9.791330 9.867433 14.059146 0.242138 0.365978 44.499634 6.608247 -0.796763 -26.224625 -1.479697 0.720518 1.494578 -0.000000 -0.000000 -0.000001 
-10.961066 92.963448 13.103022 10.313115 -22.160706 -33.733864 2.497407 0.574513 4.825191 0.310854 1.927008 -2.347856 -4.679603 1.052229 12.096681 -18.114170 19.216154 20.096914 2.529992 10.208846 -3.092114 2.786284 12.498507 -3.970000 0.000077 -0.000023 0.000006 -0.004020 0.059741 -0.016799 0.642049 -3.668778 -10.474534 -0.666352 3.786409 -10.506758 -6.535667 -1.692657 10.131860 -29.741842 -16.746754 -32.940395 -179.790009 -48.406528 179.297272 4.316065 0.064629 3.660630 -5.882101 9.861280 0.702589 -10.936858 -0.360575 7.156198 0.000001 8.774815 -0.000001 -17.894461 17.066072 5.089269 -1.844031 2.498501 -2.507276 -10.163589 4.678940 4.621103 -20.975992 -0.000002 0.000002 -21.226250 2.451693 -3.593995 0.000000 -0.000006 -0.000000 -1.362680 2.240796 -0.746325 -21.334887 0.584909 3.008320 -13.821197 -0.000002 0.000001 -23.887129 -0.249076 -0.839483 -61.039333 2.740721 -1.206270 -0.294022 1.679686 0.833253 -14.218190 0.093214 1.300579 -34.212002 -0.287564 0.967168 -20.033178 0.964535 1.212841 -0.000000 0.000001 -0.000001 -3.440385 0.788233 0.501654 -15.928165 -3.167305 2.999703 -6.338815 -0.000000 0.000003 -18.123411 3.648176 -4.905661 -0.000004 0.000001 -0.000002 0.756284 5.269382 12.489204 34.829849 67.776878 0.629330 -178.336227 51.208477 -179.327606 -5.577549 -2.409626 -12.356956 2.243539 -5.255033 -3.180155 14.282878 -0.826594 6.952497 -0.000003 -12.690590 0.000002 16.392754 -16.834883 2.342625 1.665666 -1.955920 -2.878297 4.727791 -4.170583 4.993920 11.020513 0.000003 -0.000001 12.109032 -3.735710 -2.866779 0.000000 0.000000 0.000000 1.291983 -1.928547 -1.498088 14.800111 0.567467 3.865604 14.242551 -1.341734 -6.660648 19.631935 0.143925 -0.648242 49.742634 -0.597657 -6.213672 0.353028 -1.511149 -0.031940 20.222767 3.684305 2.316628 18.787245 0.000003 0.000001 10.751610 -0.479869 1.397905 0.000000 0.000000 0.000000 3.273803 0.305947 -0.580110 21.486788 11.830360 2.266131 8.162916 0.000001 0.000001 18.399052 -3.798981 -4.940566 0.000003 0.000000 -0.000001 7.525506 25.479765 -61.698673 -0.876717 -0.103688 104.216331 -9.564376 -0.979233 29.879454 1.733638 -2.089189 -0.398061 -0.000000 0.000000 0.000004 -9.151378 9.785741 11.006077 0.142033 0.350745 42.179642 6.699508 -1.301663 -23.992193 -1.447786 0.758909 1.441803 -0.000000 -0.000000 -0.000001 
-10.318008 94.016449 11.989977 9.411834 -21.798147 -29.505739 2.253371 0.917569 3.954394 -0.059774 1.579164 -2.846643 -4.498959 0.708814 11.347329 -18.130375 19.833481 20.507256 2.750810 10.230120 -3.303779 2.566949 12.698910 -4.650137 0.000077 -0.000023 0.000006 -0.004612 0.073375 -0.031902 0.682301 -3.660765 -10.498616 -0.703043 3.785400 -10.523646 -5.118461 -2.318590 10.500332 -29.689974 -17.178629 -34.596672 179.898438 -48.617039 179.329330 3.693438 -1.083086 3.634068 -5.882099 9.861280 0.702590 -10.936858 -0.360575 7.156195 0.000002 8.774815 0.000000 -17.884638 17.285917 4.920770 -1.844030 2.498503 -2.507276 -10.163589 4.678941 4.621103 -20.975992 -0.000005 0.000000 -21.226254 2.451694 -3.593995 0.000000 -0.000007 -0.000000 -1.362680 2.240797 -0.746322 -21.334885 0.584908 3.008319 -13.821194 -0.000003 0.000001 -23.887123 -0.249079 -0.839482 -60.970909 2.809973 -1.509344 -0.294026 1.679686 0.833254 -14.218194 0.093214 1.300577 -34.212002 -0.287567 0.967170 -20.033180 0.964534 1.212842 -0.000000 0.000001 -0.000001 -3.440384 0.788233 0.501658 -15.928164 -3.167306 2.999703 -6.338814 -0.000001 0.000001 -18.123415 3.648176 -4.905663 -0.000004 -0.000000 -0.000002 -0.639072 3.868186 13.252395 36.444748 68.390793 0.081614 -179.096497 49.851547 -179.994507 -5.905079 -3.236058 -12.887368 2.243539 -5.255033 -3.180156 14.282877 -0.826592 6.952495 -0.000004 -12.690593 0.000000 16.256861 -16.799917 2.125305 1.665667 -1.955920 -2.878297 4.727791 -4.170584 4.993918 11.020512 0.000004 -0.000002 12.109031 -3.735709 -2.866781 0.000000 -0.000000 -0.000000 1.291984 -1.928548 -1.498088 14.800111 0.567469 3.865602 14.242553 -1.341733 -6.660649 19.631937 0.143928 -0.648244 49.390701 -0.538748 -6.411106 0.353028 -1.511149 -0.031940 20.222771 3.684309 2.316627 18.787243 0.000006 -0.000001 10.751610 -0.479867 1.397904 -0.000000 0.000000 0.000000 3.273806 0.305947 -0.580110 21.486788 11.830368 2.266130 8.162916 0.000003 -0.000000 18.399048 -3.798978 -4.940567 0.000003 0.000000 -0.000001 14.399363 18.839262 -49.711514 -0.969307 -0.468946 100.051338 -9.800701 -0.761505 34.288658 1.796188 -2.122380 -0.493780 0.000000 0.000000 0.000001 -8.509984 9.999854 7.281178 0.040274 0.280359 39.893475 6.840781 -1.644643 -21.745932 -1.427007 0.827236 1.479907 0.000000 0.000000 -0.000001 
-9.433496 95.021629 11.056752 8.435650 -21.244347 -25.355627 1.943089 1.193333 3.239368 -0.393472 1.257985 -3.473111 -4.233532 0.539249 10.739318 -17.890400 20.151686 21.162992 2.806558 10.210514 -3.427190 2.463248 12.598656 -5.007979 0.000077 -0.000023 0.000006 -0.021961 0.119563 -0.035588 0.673692 -3.591128 -10.496231 -0.723432 3.815601 -10.535119 -3.670196 -2.889221 10.528634 -30.051929 -17.675068 -35.283203 179.561676 -48.807861 179.433609 3.209184 -2.135709 2.699186 -5.882102 9.861280 0.702591 -10.936855 -0.360573 7.156196 -0.000000 8.774813 -0.000001 -17.788746 17.626827 5.142737 -1.844031 2.498502 -2.507277 -10.163589 4.678941 4.621102 -20.975996 -0.000004 -0.000001 -21.226254 2.451693 -3.593996 0.000000 -0.000006 -0.000000 -1.362681 2.240797 -0.746323 -21.334892 0.584910 3.008318 -13.821193 -0.000002 0.000001 -23.887131 -0.249079 -0.839483 -61.373550 2.847755 -1.591399 -0.294025 1.679687 0.833256 -14.218194 0.093215 1.300578 -34.211998 -0.287563 0.967166 -20.033178 0.964536 1.212839 0.000000 0.000000 0.000000 -3.440385 0.788232 0.501656 -15.928167 -3.167305 2.999702 -6.338817 -0.000000 0.000001 -18.123413 3.648177 -4.905663 -0.000003 -0.000000 -0.000002 -1.998468 2.704643 14.257086 38.844021 68.573822 0.657292 -179.781586 47.974888 179.509689 -6.478549 -4.137986 -12.711905 2.243538 -5.255033 -3.180154 14.282877 -0.826592 6.952498 -0.000004 -12.690590 0.000002 16.234964 -16.731707 2.112237 1.665665 -1.955920 -2.878297 4.727794 -4.170583 4.993919 11.020509 0.000004 0.000000 12.109029 -3.735709 -2.866778 0.000000 0.000000 0.000000 1.291982 -1.928548 -1.498088 14.800109 0.567470 3.865605 14.242551 -1.341733 -6.660646 19.631937 0.143927 -0.648240 49.141502 -0.485219 -6.265225 0.353026 -1.511150 -0.031940 20.222767 3.684309 2.316631 18.787243 0.000005 0.000003 10.751609 -0.479868 1.397906 0.000000 0.000000 -0.000000 3.273806 0.305948 -0.580110 21.486790 11.830369 2.266134 8.162916 -0.000000 0.000001 18.399050 -3.798979 -4.940563 0.000003 0.000001 -0.000001 18.419003 11.760464 -39.506977 -1.066423 -0.929811 91.355362 -7.703930 1.790898 36.063641 1.913836 -2.150368 -0.560108 -0.000000 -0.000001 0.000003 -8.213062 10.108371 3.888350 0.072102 0.419254 37.257256 7.168490 -1.808812 -19.435932 -1.457210 0.903908 1.078938 0.000000 0.000000 -0.000001 
-8.255817 95.795372 10.335285 6.874527 -19.863214 -21.260214 1.839490 1.104619 2.435650 -0.495975 1.091605 -3.912847 -4.055911 0.023093 10.238684 -17.286976 20.081060 22.071426 2.679066 10.079789 -3.485250 2.325528 12.396062 -5.236080 0.000077 -0.000023 0.000006 -0.029405 0.085734 -0.024044 0.645064 -3.634876 -10.529895 -0.711631 3.795525 -10.583080 -2.574342 -3.432089 10.421845 -30.387691 -18.539366 -35.398079 179.102615 -49.145599 179.832840 2.781704 -2.887705 2.617094 -5.882103 9.861278 0.702589 -10.936858 -0.360574 7.156196 -0.000000 8.774813 -0.000002 -17.890173 17.926264 5.391619 -1.844031 2.498502 -2.507275 -10.163589 4.678940 4.621104 -20.975992 -0.000005 -0.000002 -21.226248 2.451693 -3.593995 0.000000 -0.000007 -0.000000 -1.362680 2.240796 -0.746323 -21.334887 0.584907 3.008318 -13.821193 -0.000003 0.000001 -23.887131 -0.249080 -0.839482 -61.874031 2.750399 -1.479577 -0.294025 1.679686 0.833255 -14.218189 0.093215 1.300578 -34.211998 -0.287566 0.967167 -20.033176 0.964534 1.212841 0.000001 0.000001 0.000000 -3.440386 0.788233 0.501656 -15.928165 -3.167306 2.999701 -6.338815 -0.000001 0.000000 -18.123411 3.648174 -4.905662 -0.000004 -0.000000 -0.000001 -3.192383 1.688106 14.618731 43.109577 68.271591 3.575350 179.572678 46.203426 179.138489 -7.312176 -4.872055 -12.424064 2.243542 -5.255033 -3.180155 14.282875 -0.826594 6.952496 -0.000001 -12.690587 0.000001 16.403898 -16.710506 2.106313 1.665666 -1.955920 -2.878296 4.727792 -4.170583 4.993919 11.020512 0.000003 -0.000001 12.109034 -3.735709 -2.866779 0.000000 0.000000 0.000000 1.291986 -1.928548 -1.498087 14.800114 0.567467 3.865602 14.242553 -1.341734 -6.660648 19.631941 0.143926 -0.648244 49.031147 -0.581344 -6.039927 0.353027 -1.511149 -0.031940 20.222771 3.684305 2.316627 18.787245 0.000004 -0.000001 10.751611 -0.479868 1.397904 0.000000 0.000000 0.000000 3.273804 0.305947 -0.580110 21.486794 11.830360 2.266130 8.162916 0.000002 -0.000001 18.399055 -3.798978 -4.940568 0.000003 0.000000 -0.000001 20.424036 5.906073 -31.361738 -1.007169 -1.431878 78.610657 -5.474809 5.236962 35.286659 2.071821 -2.225024 -0.469295 0.000000 0.000000 0.000003 -7.647652 10.317907 1.134035 0.102508 0.445173 34.544491 7.392576 -2.534303 -17.404680 -1.484819 0.959724 0.949648 0.000000 0.000000 -0.000001 
-6.799530 96.129768 9.806110 4.778448 -17.304636 -17.182375 1.870132 0.660620 1.425613 -0.391854 1.064493 -4.195496 -3.942653 -0.904083 9.886725 -16.276241 19.545198 23.164484 2.539693 10.063343 -3.472025 2.177117 11.861954 -5.490761 0.000077 -0.000023 0.000006 -0.011582 -0.026570 -0.006135 0.642139 -3.770872 -10.557730 -0.670778 3.702685 -10.602624 -1.805670 -4.288759 10.279922 -30.319546 -19.941339 -36.113586 179.181305 -49.911045 179.857025 2.129781 -3.424402 3.749092 -5.882100 9.861279 0.702589 -10.936858 -0.360577 7.156196 0.000000 8.774815 -0.000003 -17.965822 17.934616 5.379752 -1.844032 2.498502 -2.507275 -10.163589 4.678941 4.621104 -20.975992 -0.000004 0.000001 -21.226250 2.451693 -3.593995 0.000000 -0.000007 -0.000000 -1.362680 2.240797 -0.746322 -21.334894 0.584909 3.008320 -13.821194 -0.000002 0.000002 -23.887129 -0.249078 -0.839483 -62.022629 2.607970 -1.343935 -0.294026 1.679685 0.833256 -14.218192 0.093214 1.300578 -34.211998 -0.287564 0.967169 -20.033178 0.964536 1.212841 -0.000000 0.000001 0.000000 -3.440384 0.788232 0.501655 -15.928169 -3.167307 2.999704 -6.338816 -0.000001 0.000002 -18.123411 3.648176 -4.905662 -0.000004 -0.000000 -0.000002 -3.950707 0.359566 14.452829 47.966217 67.984581 7.926790 179.377701 44.635674 179.037659 -8.315906 -5.697500 -11.479476 2.243537 -5.255032 -3.180154 14.282875 -0.826594 6.952494 -0.000003 -12.690588 0.000002 16.591522 -16.841572 2.135746 1.665668 -1.955920 -2.878296 4.727795 -4.170583 4.993918 11.020510 0.000003 -0.000003 12.109033 -3.735709 -2.866780 0.000000 0.000000 0.000000 1.291985 -1.928548 -1.498088 14.800111 0.567467 3.865602 14.242554 -1.341734 -6.660651 19.631939 0.143926 -0.648245 48.837639 -0.634507 -5.865602 0.353026 -1.511149 -0.031940 20.222771 3.684304 2.316626 18.787245 0.000005 -0.000002 10.751610 -0.479868 1.397903 -0.000000 -0.000000 -0.000000 3.273804 0.305946 -0.580110 21.486788 11.830360 2.266128 8.162916 0.000001 -0.000001 18.399052 -3.798977 -4.940568 0.000003 0.000000 -0.000001 21.635365 1.119612 -23.772022 -0.789762 -1.840753 61.120342 -4.784610 7.636489 34.319645 2.112363 -2.327643 -0.690792 -0.000000 -0.000001 0.000001 -6.904442 10.407445 -1.852088 0.088330 0.360290 33.420986 7.578604 -3.643408 -15.819365 -1.471610 1.021003 1.212294 0.000000 0.000000 -0.000001 
-5.127481 95.795677 9.318643 2.488655 -13.415183 -13.559495 2.023725 0.179102 0.536192 -0.379498 0.651873 -4.367470 -3.676701 -2.005079 9.763905 -14.977598 18.163767 24.087877 2.379680 10.422810 -3.414227 1.897156 11.053234 -5.820051 0.000077 -0.000022 0.000005 -0.032957 0.020152 0.000238 0.630518 -3.740840 -10.603299 -0.696378 3.761759 -10.648630 -0.924410 -5.794181 9.795475 -30.183847 -21.631538 -36.915092 179.640808 -51.109905 179.594421 1.636657 -3.540419 5.033759 -5.882100 9.861280 0.702590 -10.936859 -0.360575 7.156197 0.000001 8.774813 -0.000003 -17.594627 17.748070 5.454186 -1.844030 2.498503 -2.507275 -10.163590 4.678941 4.621104 -20.975994 -0.000004 0.000003 -21.226254 2.451692 -3.593991 0.000000 -0.000006 -0.000000 -1.362678 2.240797 -0.746324 -21.334892 0.584909 3.008321 -13.821197 -0.000003 0.000002 -23.887129 -0.249077 -0.839481 -61.520741 2.598905 -1.348173 -0.294024 1.679686 0.833256 -14.218190 0.093214 1.300579 -34.211998 -0.287561 0.967172 -20.033176 0.964537 1.212842 0.000000 0.000000 0.000000 -3.440385 0.788232 0.501656 -15.928167 -3.167307 2.999704 -6.338815 -0.000001 0.000003 -18.123413 3.648177 -4.905660 -0.000004 0.000001 -0.000002 -4.179966 -1.324805 14.061926 51.803459 67.835060 12.250184 179.994904 43.257053 179.332581 -9.492462 -6.331583 -9.115978 2.243541 -5.255033 -3.180155 14.282879 -0.826595 6.952495 -0.000003 -12.690590 0.000003 16.397137 -17.000891 2.221093 1.665663 -1.955919 -2.878296 4.727794 -4.170584 4.993919 11.020512 0.000003 -0.000001 12.109030 -3.735709 -2.866778 0.000001 0.000000 0.000000 1.291982 -1.928547 -1.498088 14.800113 0.567467 3.865602 14.242554 -1.341734 -6.660648 19.631939 0.143926 -0.648243 48.508018 -0.653167 -5.919682 0.353027 -1.511149 -0.031940 20.222767 3.684306 2.316627 18.787245 0.000004 -0.000001 10.751611 -0.479868 1.397904 -0.000000 0.000000 0.000000 3.273806 0.305947 -0.580110 21.486788 11.830363 2.266129 8.162916 0.000001 -0.000001 18.399054 -3.798979 -4.940567 0.000003 -0.000001 -0.000001 22.550230 -2.216938 -16.987036 -0.395766 -2.053101 42.080235 -8.961058 7.208548 33.055668 1.984838 -2.199972 -3.462524 -0.000000 0.000000 0.000001 -6.562300 8.643812 -5.098577 0.119022 0.422578 34.214111 8.481226 -4.035644 -15.630360 -1.449819 1.079402 1.308623 0.000000 -0.000000 -0.000001 
-3.355939 94.826912 9.049294 0.086193 -8.737422 -10.265944 2.277843 -0.178876 0.009505 -0.315671 -0.303554 -4.570595 -3.044616 -3.120112 9.611113 -13.414940 16.017166 24.260160 2.307037 10.396445 -3.367864 1.461501 10.425212 -6.524102 0.000077 -0.000022 0.000006 -0.050234 0.095821 0.023192 0.617061 -3.682145 -10.717652 -0.722784 3.857365 -10.745357 0.710154 -7.815883 9.129642 -30.582232 -23.308491 -37.423206 -179.903748 -52.263855 179.286789 1.438559 -2.845010 6.570596 -5.882101 9.861279 0.702590 -10.936861 -0.360575 7.156199 0.000003 8.774815 -0.000001 -16.867634 17.749088 5.712794 -1.844030 2.498503 -2.507277 -10.163589 4.678939 4.621105 -20.975996 -0.000004 0.000003 -21.226250 2.451693 -3.593992 0.000000 -0.000006 -0.000000 -1.362681 2.240797 -0.746323 -21.334887 0.584907 3.008321 -13.821197 -0.000004 0.000004 -23.887133 -0.249078 -0.839479 -60.659752 2.689280 -1.292000 -0.294025 1.679686 0.833255 -14.218192 0.093212 1.300580 -34.212006 -0.287563 0.967174 -20.033180 0.964534 1.212843 -0.000000 0.000001 0.000001 -3.440384 0.788233 0.501654 -15.928171 -3.167308 2.999705 -6.338815 0.000001 0.000003 -18.123415 3.648175 -4.905661 -0.000004 -0.000001 -0.000002 -3.950863 -2.759419 13.455118 54.736423 67.998627 15.479691 -179.251831 42.222248 179.812485 -10.448322 -6.521472 -6.644354 2.243539 -5.255032 -3.180154 14.282877 -0.826595 6.952494 -0.000003 -12.690590 0.000003 16.010492 -17.107639 2.132495 1.665665 -1.955919 -2.878297 4.727792 -4.170585 4.993919 11.020513 0.000003 -0.000001 12.109033 -3.735710 -2.866781 -0.000000 0.000000 0.000000 1.291983 -1.928548 -1.498087 14.800109 0.567467 3.865600 14.242551 -1.341734 -6.660650 19.631939 0.143928 -0.648245 47.890179 -0.677782 -6.016137 0.353030 -1.511149 -0.031939 20.222773 3.684306 2.316625 18.787249 0.000004 -0.000002 10.751612 -0.479867 1.397902 0.000000 0.000000 -0.000000 3.273806 0.305947 -0.580110 21.486790 11.830363 2.266125 8.162916 0.000002 -0.000001 18.399052 -3.798980 -4.940568 0.000003 0.000000 -0.000001 23.699673 -2.450052 -12.418038 -0.109807 -1.729154 27.913595 -18.236704 5.449457 20.777550 1.920249 -2.128537 -6.601749 0.000000 -0.000000 0.000003 -6.309681 5.398636 -8.453604 0.211888 0.506795 36.287941 9.182583 -3.831811 -17.069799 -1.444163 1.018973 1.490245 -0.000000 -0.000000 -0.000001 
-1.467120 93.784279 8.646081 -1.095286 -3.632654 -7.598548 1.836542 -0.381918 0.037144 -0.332273 -1.360911 -4.535777 -2.475373 -4.200660 9.477589 -11.509156 13.550576 23.462955 2.169149 10.042526 -3.567139 0.862624 9.905961 -7.715811 0.000077 -0.000024 0.000006 -0.028746 0.060318 0.035953 0.624466 -3.726782 -10.706082 -0.685245 3.820317 -10.728957 2.584610 -10.150071 8.287187 -30.006195 -24.954763 -38.292553 -179.789246 -53.277950 179.545959 1.850288 -1.496421 7.998767 -5.882101 9.861278 0.702592 -10.936862 -0.360576 7.156199 0.000002 8.774815 -0.000002 -16.769226 17.623518 5.553681 -1.844031 2.498503 -2.507276 -10.163592 4.678940 4.621105 -20.975996 -0.000005 0.000005 -21.226255 2.451695 -3.593992 0.000000 -0.000006 -0.000000 -1.362679 2.240797 -0.746322 -21.334892 0.584908 3.008321 -13.821197 -0.000001 0.000003 -23.887133 -0.249077 -0.839479 -59.935837 2.572181 -1.437769 -0.294027 1.679686 0.833256 -14.218194 0.093215 1.300581 -34.212006 -0.287566 0.967174 -20.033182 0.964536 1.212844 -0.000001 0.000001 0.000001 -3.440387 0.788231 0.501655 -15.928167 -3.167306 2.999705 -6.338818 0.000000 0.000003 -18.123415 3.648175 -4.905660 -0.000004 -0.000000 -0.000001 -2.471201 -4.060795 12.606178 57.000412 69.109383 17.117735 -179.161728 41.272369 -179.931076 -10.788363 -7.142018 -4.401178 2.243541 -5.255032 -3.180155 14.282878 -0.826595 6.952495 -0.000001 -12.690587 0.000001 15.904624 -17.268240 2.099233 1.665665 -1.955920 -2.878297 4.727795 -4.170582 4.993918 11.020514 0.000002 -0.000002 12.109035 -3.735710 -2.866780 -0.000000 0.000000 -0.000000 1.291985 -1.928548 -1.498088 14.800117 0.567467 3.865603 14.242554 -1.341735 -6.660649 19.631941 0.143925 -0.648243 47.791111 -0.777191 -6.185222 0.353029 -1.511149 -0.031940 20.222771 3.684304 2.316628 18.787247 0.000004 -0.000001 10.751611 -0.479868 1.397903 0.000000 -0.000000 0.000000 3.273804 0.305946 -0.580109 21.486790 11.830359 2.266131 8.162918 0.000000 -0.000000 18.399055 -3.798980 -4.940569 0.000003 -0.000001 -0.000001 23.279367 0.854161 -12.698133 -0.105397 -0.943293 21.577206 -20.476723 1.917013 7.671377 1.731286 -2.160511 -0.648603 -0.000000 0.000000 0.000002 -7.212574 2.133083 -11.792461 0.267471 0.462655 39.155384 9.380661 -3.471025 -18.537380 -1.455751 0.943339 1.029212 0.000000 0.000000 -0.000001 
0.457717 92.904892 7.930449 -0.785113 1.426422 -5.104084 0.607082 -0.470931 0.373976 -0.455360 -2.210793 -4.452008 -2.207603 -5.000908 9.701894 -9.474303 11.185377 21.758862 2.089113 9.252122 -3.696492 0.497699 9.261163 -9.302588 0.000077 -0.000023 0.000005 -0.021973 0.047731 0.032715 0.646173 -3.719410 -10.705304 -0.697541 3.802430 -10.712739 4.410674 -12.390931 7.781230 -28.426153 -27.104879 -39.997456 -179.978241 -53.983341 179.764206 2.804457 -0.257384 8.617130 -5.882099 9.861278 0.702589 -10.936862 -0.360576 7.156198 0.000001 8.774815 -0.000002 -16.996302 17.432043 5.186049 -1.844031 2.498502 -2.507277 -10.163590 4.678940 4.621104 -20.975992 -0.000004 0.000003 -21.226254 2.451694 -3.593993 0.000000 -0.000006 -0.000000 -1.362682 2.240797 -0.746322 -21.334887 0.584909 3.008320 -13.821197 -0.000003 0.000002 -23.887133 -0.249080 -0.839480 -59.677040 2.343264 -1.513548 -0.294025 1.679686 0.833254 -14.218194 0.093214 1.300579 -34.212002 -0.287565 0.967173 -20.033180 0.964535 1.212843 0.000000 0.000000 0.000000 -3.440386 0.788232 0.501656 -15.928173 -3.167308 2.999705 -6.338818 -0.000002 0.000002 -18.123415 3.648176 -4.905661 -0.000004 -0.000001 -0.000002 -0.233502 -5.433800 11.950907 59.343330 70.722198 18.549084 -179.047791 40.250511 -179.594482 -10.567224 -7.016564 -2.164552 2.243540 -5.255033 -3.180155 14.282877 -0.826594 6.952494 -0.000002 -12.690590 0.000000 16.178202 -17.463795 1.962595 1.665665 -1.955920 -2.878295 4.727796 -4.170584 4.993918 11.020514 0.000002 -0.000001 12.109033 -3.735710 -2.866779 0.000000 0.000000 0.000000 1.291982 -1.928547 -1.498087 14.800114 0.567468 3.865603 14.242554 -1.341735 -6.660647 19.631939 0.143925 -0.648244 48.450928 -0.883003 -6.412313 0.353029 -1.511149 -0.031939 20.222771 3.684305 2.316627 18.787249 0.000005 -0.000001 10.751611 -0.479867 1.397903 0.000000 0.000001 -0.000000 3.273804 0.305947 -0.580110 21.486792 11.830362 2.266130 8.162918 0.000002 -0.000001 18.399054 -3.798979 -4.940568 0.000003 -0.000001 -0.000001 20.304918 4.911417 -17.807667 -0.222430 -0.672925 20.764345 -20.408541 -3.037851 4.261926 1.660934 -1.964386 0.262952 0.000000 -0.000000 0.000002 -9.395683 -0.383309 -14.849627 0.224832 0.405976 41.511238 9.971580 -3.757136 -20.101717 -1.441476 0.966091 1.262584 -0.000000 -0.000000 -0.000001 
2.217109 92.587082 7.318197 0.256132 4.786139 -3.254769 -0.396610 -0.659499 1.025908 -0.617091 -2.380506 -4.325139 -2.512957 -5.139394 10.095559 -7.463810 8.977878 20.381920 1.909803 8.659346 -3.712316 -0.076802 9.063871 -10.926843 0.000077 -0.000023 0.000006 0.009513 -0.023717 0.023227 0.701943 -3.753305 -10.633907 -0.691461 3.698178 -10.632916 5.868431 -14.177411 7.017195 -27.001820 -28.377337 -40.875229 179.450150 -54.332928 -179.923492 4.323455 0.575681 7.753308 -5.882102 9.861278 0.702590 -10.936861 -0.360575 7.156198 0.000000 8.774813 -0.000003 -17.180292 17.367464 5.009480 -1.844030 2.498503 -2.507276 -10.163590 4.678939 4.621104 -20.975994 -0.000003 0.000002 -21.226254 2.451692 -3.593992 0.000000 -0.000006 -0.000000 -1.362680 2.240796 -0.746323 -21.334887 0.584907 3.008321 -13.821197 -0.000002 0.000003 -23.887129 -0.249080 -0.839480 -59.929272 2.377838 -1.747749 -0.294025 1.679686 0.833256 -14.218194 0.093214 1.300578 -34.212006 -0.287565 0.967170 -20.033178 0.964534 1.212841 -0.000000 0.000000 0.000000 -3.440384 0.788232 0.501654 -15.928165 -3.167306 2.999702 -6.338817 -0.000001 0.000001 -18.123413 3.648175 -4.905660 -0.000005 -0.000000 -0.000002 1.465765 -5.821158 11.474407 62.582180 71.687134 19.945452 -179.704926 39.606228 -179.483780 -10.549300 -6.396224 -0.328788 2.243541 -5.255033 -3.180156 14.282878 -0.826593 6.952496 -0.000001 -12.690587 -0.000002 16.080750 -17.565592 2.263927 1.665666 -1.955921 -2.878297 4.727798 -4.170583 4.993918 11.020513 0.000003 -0.000001 12.109033 -3.735710 -2.866779 -0.000001 0.000000 0.000000 1.291984 -1.928548 -1.498087 14.800111 0.567468 3.865604 14.242553 -1.341734 -6.660648 19.631939 0.143925 -0.648243 49.425503 -0.882115 -6.356980 0.353026 -1.511149 -0.031940 20.222769 3.684305 2.316629 18.787247 0.000003 0.000001 10.751610 -0.479868 1.397904 -0.000000 0.000000 -0.000000 3.273803 0.305947 -0.580109 21.486794 11.830360 2.266132 8.162916 0.000003 -0.000000 18.399057 -3.798979 -4.940567 0.000003 0.000000 -0.000001 16.744055 7.111989 -23.594940 -0.336557 -0.666024 24.730206 -19.557644 -7.421593 4.990406 1.627841 -1.893966 0.199516 0.000000 -0.000000 0.000002 -11.892177 -1.631386 -16.504778 0.169862 0.489294 42.230385 10.628809 -4.005617 -20.961384 -1.431772 1.034157 1.048141 -0.000000 -0.000000 -0.000001 
4.049876 92.763893 6.991008 0.577300 5.589703 -2.005359 -0.578658 -0.495995 1.526056 -0.676005 -2.021099 -4.157964 -2.297905 -5.018065 10.308631 -6.529637 8.253629 19.975988 1.573884 8.282749 -3.761962 -0.313262 8.667529 -12.011246 0.000077 -0.000023 0.000006 -0.018896 0.042678 -0.008769 0.664769 -3.690449 -10.602036 -0.707302 3.762277 -10.612610 6.634625 -14.642635 6.494700 -26.796968 -29.339649 -41.720215 179.612549 -54.073830 -179.995605 4.898684 1.566819 5.861208 -5.882101 9.861277 0.702590 -10.936858 -0.360575 7.156197 0.000002 8.774811 -0.000001 -17.272152 17.421526 4.898901 -1.844032 2.498501 -2.507276 -10.163591 4.678938 4.621103 -20.975996 -0.000003 0.000003 -21.226255 2.451692 -3.593993 0.000000 -0.000004 -0.000001 -1.362681 2.240795 -0.746323 -21.334892 0.584909 3.008319 -13.821197 -0.000003 0.000002 -23.887131 -0.249077 -0.839481 -59.972836 2.535268 -1.590692 -0.294024 1.679686 0.833256 -14.218190 0.093214 1.300578 -34.212006 -0.287564 0.967169 -20.033178 0.964532 1.212842 0.000000 0.000001 0.000000 -3.440386 0.788232 0.501655 -15.928167 -3.167305 2.999705 -6.338816 -0.000001 0.000001 -18.123415 3.648175 -4.905660 -0.000005 -0.000001 -0.000002 1.857870 -4.850807 11.397226 66.288597 71.762108 22.187824 179.644638 39.416653 -179.380264 -10.936574 -5.838891 0.012593 2.243541 -5.255033 -3.180155 14.282881 -0.826594 6.952497 -0.000002 -12.690588 -0.000001 16.531176 -17.702639 2.218002 1.665669 -1.955920 -2.878295 4.727796 -4.170583 4.993918 11.020514 0.000003 0.000000 12.109035 -3.735711 -2.866778 0.000001 -0.000000 0.000001 1.291983 -1.928548 -1.498087 14.800117 0.567467 3.865603 14.242553 -1.341734 -6.660648 19.631941 0.143924 -0.648242 50.095200 -0.770931 -6.343654 0.353030 -1.511150 -0.031940 20.222773 3.684304 2.316629 18.787251 0.000003 0.000000 10.751612 -0.479869 1.397904 0.000000 -0.000000 0.000000 3.273805 0.305947 -0.580111 21.486794 11.830361 2.266132 8.162916 0.000001 0.000000 18.399057 -3.798980 -4.940568 0.000003 0.000000 -0.000001 14.472291 8.806828 -26.190350 -0.440522 -0.682971 26.314480 -19.123396 -9.174581 5.230169 1.619684 -1.790976 0.387388 -0.000000 0.000000 0.000002 -13.364128 -1.330584 -16.616016 0.191676 0.656168 40.008644 11.327158 -3.708236 -20.221518 -1.396598 1.116307 0.827480 0.000000 0.000000 -0.000001 
5.610925 93.375977 6.881478 0.596688 4.520470 -1.085128 -0.723380 -0.307659 1.747882 -0.601288 -1.689105 -4.033885 -1.986937 -4.507556 10.290637 -6.421722 8.051140 19.918570 1.645769 8.571545 -3.723424 -0.519271 8.814082 -12.190717 0.000077 -0.000021 0.000006 -0.021709 0.087019 0.000763 0.655067 -3.640085 -10.619729 -0.709880 3.826400 -10.614549 6.901477 -14.345294 5.988337 -27.227264 -29.352457 -41.768894 179.493713 -53.642323 -179.754791 5.389883 1.995733 4.620854 -5.882099 9.861276 0.702593 -10.936858 -0.360577 7.156199 0.000002 8.774811 0.000001 -17.068314 17.511909 5.112419 -1.844030 2.498502 -2.507278 -10.163589 4.678939 4.621106 -20.975992 -0.000004 0.000004 -21.226254 2.451691 -3.593991 0.000000 -0.000006 -0.000000 -1.362681 2.240795 -0.746323 -21.334887 0.584908 3.008322 -13.821197 -0.000005 0.000003 -23.887131 -0.249081 -0.839479 -60.122498 2.491761 -1.757397 -0.294025 1.679685 0.833257 -14.218194 0.093216 1.300581 -34.212006 -0.287563 0.967175 -20.033176 0.964536 1.212844 0.000000 0.000001 0.000000 -3.440386 0.788232 0.501656 -15.928171 -3.167307 2.999705 -6.338817 -0.000001 0.000002 -18.123413 3.648175 -4.905657 -0.000004 -0.000000 -0.000002 2.309735 -3.341520 11.537137 67.564285 71.708809 22.874067 178.665451 39.903023 -179.693924 -11.340203 -5.090975 -0.562334 2.243542 -5.255033 -3.180155 14.282877 -0.826594 6.952495 -0.000001 -12.690590 -0.000000 16.287794 -17.571272 2.302611 1.665665 -1.955920 -2.878296 4.727793 -4.170585 4.993920 11.020513 0.000002 -0.000002 12.109032 -3.735711 -2.866780 0.000001 0.000000 0.000000 1.291983 -1.928548 -1.498088 14.800111 0.567466 3.865602 14.242553 -1.341734 -6.660649 19.631939 0.143926 -0.648244 50.004147 -0.765008 -6.342050 0.353028 -1.511150 -0.031940 20.222773 3.684305 2.316628 18.787247 0.000004 -0.000002 10.751611 -0.479869 1.397903 -0.000000 0.000000 0.000000 3.273804 0.305947 -0.580110 21.486795 11.830365 2.266129 8.162916 0.000001 -0.000001 18.399054 -3.798980 -4.940570 0.000004 -0.000001 -0.000001 13.338864 9.545311 -26.443634 -0.425110 -0.724395 25.724321 -18.682457 -8.678339 5.163690 1.598813 -1.771411 0.669541 -0.000000 -0.000000 0.000002 -14.501030 -1.216767 -16.073193 0.344667 1.106699 36.737747 11.568260 -3.059601 -18.231050 -1.406628 1.135844 -0.019571 0.000000 0.000000 -0.000001 
6.857974 94.080833 6.819224 0.167120 2.837874 -0.180465 -0.831574 -0.279734 1.795088 -0.570274 -1.419928 -3.949963 -1.396980 -3.961809 10.158708 -6.552564 8.077692 19.859390 1.820604 9.011684 -3.744112 -0.603508 9.306370 -12.535178 0.000077 -0.000022 0.000006 -0.019422 0.060961 -0.009136 0.641092 -3.684406 -10.651413 -0.690031 3.798655 -10.634459 7.246737 -13.906524 5.656695 -27.573011 -28.879827 -42.886127 179.599152 -53.034195 -179.812195 5.995586 1.669299 3.865710 -5.882100 9.861279 0.702590 -10.936858 -0.360577 7.156195 0.000001 8.774814 -0.000001 -16.967169 17.501486 5.316259 -1.844030 2.498501 -2.507275 -10.163591 4.678941 4.621105 -20.975994 -0.000002 0.000002 -21.226255 2.451694 -3.593995 0.000000 -0.000005 -0.000001 -1.362682 2.240797 -0.746323 -21.334892 0.584908 3.008319 -13.821195 -0.000003 0.000001 -23.887131 -0.249078 -0.839483 -60.433777 2.509205 -1.739453 -0.294023 1.679687 0.833256 -14.218195 0.093215 1.300580 -34.212002 -0.287564 0.967168 -20.033182 0.964535 1.212842 0.000001 0.000000 0.000000 -3.440386 0.788233 0.501655 -15.928169 -3.167306 2.999703 -6.338818 0.000001 0.000002 -18.123411 3.648177 -4.905662 -0.000004 0.000001 -0.000002 2.946423 -2.188569 11.595403 67.636292 71.818520 23.117237 178.089188 40.623444 -179.934265 -11.420202 -4.438737 -1.765826 2.243538 -5.255033 -3.180154 14.282873 -0.826593 6.952495 -0.000003 -12.690591 -0.000000 16.059044 -17.600662 2.283968 1.665665 -1.955920 -2.878296 4.727793 -4.170584 4.993920 11.020510 0.000003 -0.000002 12.109030 -3.735711 -2.866779 0.000001 -0.000000 -0.000001 1.291985 -1.928548 -1.498089 14.800111 0.567468 3.865602 14.242553 -1.341734 -6.660649 19.631939 0.143926 -0.648244 49.645660 -0.737198 -6.373775 0.353029 -1.511150 -0.031940 20.222771 3.684307 2.316628 18.787245 0.000005 -0.000001 10.751611 -0.479867 1.397904 -0.000000 -0.000001 0.000000 3.273805 0.305947 -0.580110 21.486790 11.830364 2.266130 8.162916 0.000003 -0.000000 18.399052 -3.798977 -4.940568 0.000003 0.000000 -0.000001 13.075674 10.190575 -26.135563 -0.392623 -0.789859 24.429966 -18.245913 -7.315494 5.072008 1.588923 -1.709918 0.892534 -0.000000 -0.000000 0.000002 -14.511389 -2.494832 -15.576283 0.433341 1.343462 34.543446 12.739447 -0.967450 -16.879343 -1.401147 1.108159 -0.607083 0.000000 0.000000 -0.000001 
7.753874 94.759636 6.744079 -0.531335 1.240762 0.455750 -0.912483 -0.266846 1.957071 -0.562584 -1.340084 -3.910066 -0.890537 -3.648016 10.011038 -6.635104 7.911305 19.710152 2.063826 9.594945 -3.726831 -0.640859 9.886666 -12.847788 0.000077 -0.000023 0.000006 -0.017602 0.043018 -0.015142 0.640896 -3.695399 -10.650679 -0.684540 3.775059 -10.633234 7.773264 -13.663493 5.594075 -27.441736 -28.075008 -44.311069 179.291626 -52.529556 -179.655914 6.607679 1.072027 3.438580 -5.882099 9.861278 0.702591 -10.936857 -0.360574 7.156198 -0.000000 8.774812 -0.000001 -16.772839 17.437410 5.544858 -1.844029 2.498502 -2.507277 -10.163589 4.678939 4.621104 -20.975992 -0.000002 0.000002 -21.226255 2.451692 -3.593993 0.000000 -0.000004 -0.000000 -1.362679 2.240798 -0.746322 -21.334887 0.584909 3.008320 -13.821197 -0.000002 0.000002 -23.887129 -0.249078 -0.839483 -60.664700 2.501492 -1.721922 -0.294027 1.679686 0.833255 -14.218192 0.093215 1.300579 -34.212002 -0.287561 0.967170 -20.033176 0.964536 1.212841 0.000000 -0.000001 -0.000000 -3.440384 0.788233 0.501655 -15.928169 -3.167308 2.999704 -6.338815 0.000000 0.000000 -18.123415 3.648175 -4.905662 -0.000004 -0.000001 -0.000002 3.510191 -1.710491 11.801060 66.634636 72.102432 22.267977 178.048126 40.957035 179.740646 -11.437462 -3.790272 -2.641302 2.243539 -5.255032 -3.180155 14.282878 -0.826595 6.952496 -0.000004 -12.690587 0.000002 15.909817 -17.752920 2.342429 1.665664 -1.955919 -2.878298 4.727793 -4.170582 4.993919 11.020513 0.000003 -0.000001 12.109035 -3.735709 -2.866779 0.000002 0.000000 0.000001 1.291983 -1.928547 -1.498086 14.800114 0.567467 3.865604 14.242553 -1.341734 -6.660648 19.631939 0.143924 -0.648244 49.385708 -0.761449 -6.297828 0.353028 -1.511148 -0.031941 20.222769 3.684304 2.316628 18.787245 0.000004 -0.000001 10.751611 -0.479867 1.397903 -0.000000 0.000000 0.000000 3.273806 0.305947 -0.580110 21.486790 11.830359 2.266130 8.162916 0.000001 -0.000001 18.399054 -3.798979 -4.940567 0.000003 -0.000001 -0.000001 13.447750 10.418308 -25.493334 -0.337781 -0.789923 22.938580 -17.939991 -5.659517 5.222707 1.578896 -1.720552 0.855831 -0.000000 0.000000 0.000002 -13.550694 -5.114876 -15.011475 0.529085 1.388827 34.495472 15.246551 2.933256 -15.031039 -1.424265 1.097443 -1.005922 0.000000 0.000000 -0.000001 
8.384830 95.298363 6.711553 -1.182495 -0.137705 1.049325 -0.997983 -0.286865 2.030732 -0.594388 -1.266210 -3.895926 -0.617382 -3.606352 9.820177 -6.581419 7.685133 19.569416 2.204832 10.133458 -3.695867 -0.578060 10.426773 -13.064224 0.000077 -0.000023 0.000006 -0.012914 0.030091 0.001873 0.645480 -3.707888 -10.609484 -0.676996 3.754672 -10.588253 8.099332 -13.509480 5.663342 -26.720234 -27.145302 -45.254574 178.635941 -52.225468 -179.143738 6.827542 0.491531 3.350495 -5.882102 9.861276 0.702592 -10.936858 -0.360574 7.156197 0.000001 8.774809 -0.000002 -16.662258 17.498487 5.775034 -1.844029 2.498502 -2.507277 -10.163591 4.678939 4.621106 -20.975994 -0.000005 0.000003 -21.226255 2.451690 -3.593991 0.000000 -0.000004 -0.000000 -1.362680 2.240796 -0.746321 -21.334892 0.584907 3.008320 -13.821197 -0.000004 0.000003 -23.887129 -0.249077 -0.839479 -60.732365 2.550614 -1.666132 -0.294025 1.679685 0.833255 -14.218194 0.093215 1.300580 -34.212002 -0.287563 0.967171 -20.033176 0.964535 1.212842 0.000001 0.000001 0.000000 -3.440384 0.788232 0.501655 -15.928171 -3.167305 2.999704 -6.338814 0.000000 0.000001 -18.123415 3.648176 -4.905659 -0.000004 0.000001 -0.000002 3.896722 -1.743250 12.054292 65.332726 72.477654 20.892618 178.269318 40.856506 179.504517 -11.482840 -3.439401 -3.336363 2.243540 -5.255033 -3.180154 14.282878 -0.826596 6.952495 -0.000001 -12.690590 0.000001 15.952168 -17.910261 2.370212 1.665666 -1.955919 -2.878295 4.727795 -4.170584 4.993917 11.020513 0.000001 -0.000001 12.109035 -3.735711 -2.866780 0.000002 0.000000 0.000000 1.291986 -1.928548 -1.498086 14.800114 0.567466 3.865602 14.242554 -1.341734 -6.660650 19.631939 0.143925 -0.648244 49.293690 -0.755773 -6.215742 0.353028 -1.511149 -0.031940 20.222771 3.684304 2.316625 18.787245 0.000004 -0.000003 10.751611 -0.479868 1.397902 -0.000000 -0.000001 0.000000 3.273805 0.305946 -0.580110 21.486790 11.830359 2.266129 8.162918 0.000003 -0.000001 18.399054 -3.798980 -4.940570 0.000003 0.000000 -0.000001 13.969501 10.381335 -25.002243 -0.271806 -0.746282 21.763887 -17.565987 -4.080885 5.325903 1.568914 -1.757623 0.610580 -0.000000 0.000000 0.000002 -12.382721 -7.433923 -13.883631 0.554611 1.300174 34.021301 17.036425 6.038452 -12.917889 -1.450633 1.058029 -1.458350 0.000000 0.000000 -0.000001 
8.721889 95.597092 6.612863 -1.491408 -1.515067 1.915235 -1.155214 -0.220551 1.824403 -0.696321 -1.333541 -3.981070 -0.628742 -3.552965 9.586501 -6.514903 7.501741 19.302202 2.220400 10.695609 -3.644828 -0.354571 10.859049 -13.214433 0.000077 -0.000022 0.000006 -0.023588 0.055514 0.003450 0.608901 -3.661157 -10.598822 -0.666017 3.787218 -10.580643 8.053490 -13.438174 5.837578 -25.474133 -26.124626 -46.154499 178.000656 -52.039070 -178.830688 6.660612 0.263801 2.710899 -5.882100 9.861278 0.702590 -10.936858 -0.360576 7.156196 0.000001 8.774814 -0.000002 -16.627935 17.536249 5.812270 -1.844030 2.498503 -2.507277 -10.163590 4.678940 4.621103 -20.975996 -0.000002 0.000002 -21.226254 2.451692 -3.593994 0.000000 -0.000005 -0.000000 -1.362681 2.240797 -0.746321 -21.334887 0.584908 3.008321 -13.821197 -0.000004 0.000002 -23.887131 -0.249078 -0.839481 -60.643314 2.706776 -1.485521 -0.294025 1.679685 0.833254 -14.218195 0.093215 1.300578 -34.212006 -0.287562 0.967171 -20.033178 0.964534 1.212842 0.000001 0.000000 -0.000000 -3.440384 0.788232 0.501654 -15.928169 -3.167307 2.999703 -6.338815 -0.000001 0.000001 -18.123413 3.648176 -4.905662 -0.000004 0.000001 -0.000002 4.070230 -2.052090 12.210922 63.441833 73.135429 19.096302 178.807953 40.653988 179.734970 -11.208661 -3.642107 -4.508156 2.243540 -5.255033 -3.180155 14.282877 -0.826593 6.952496 -0.000003 -12.690590 -0.000001 16.074934 -18.001469 2.370748 1.665663 -1.955919 -2.878296 4.727795 -4.170584 4.993919 11.020510 0.000003 -0.000001 12.109032 -3.735710 -2.866779 0.000002 0.000000 0.000000 1.291983 -1.928547 -1.498088 14.800113 0.567468 3.865603 14.242553 -1.341734 -6.660649 19.631937 0.143927 -0.648243 48.986584 -0.654145 -6.132946 0.353029 -1.511149 -0.031941 20.222769 3.684306 2.316629 18.787245 0.000006 0.000000 10.751611 -0.479867 1.397904 0.000000 0.000001 0.000000 3.273803 0.305947 -0.580110 21.486790 11.830363 2.266133 8.162916 0.000002 0.000000 18.399050 -3.798978 -4.940566 0.000003 0.000001 -0.000001 14.292356 10.491518 -25.207779 -0.235737 -0.603790 21.305483 -17.247356 -2.713514 5.379907 1.571661 -1.800841 0.391067 -0.000000 0.000000 0.000002 -11.431087 -8.193801 -12.502162 0.387462 0.985297 30.591719 16.044352 4.282593 -12.903956 -1.440627 1.015234 -1.862834 0.000000 0.000000 -0.000001 
8.939547 95.644905 6.461189 -1.435449 -3.135029 2.689090 -1.201693 -0.209410 1.597687 -0.798090 -1.254838 -3.992686 -1.031149 -3.459680 9.317301 -6.668359 7.688765 18.709215 2.384374 11.105272 -3.615710 -0.248618 11.415927 -13.468177 0.000077 -0.000022 0.000006 -0.004783 -0.020703 0.008242 0.627728 -3.751515 -10.620501 -0.645097 3.712462 -10.592607 7.600772 -13.169426 5.787298 -24.194843 -25.018106 -46.942375 177.382690 -51.806961 -178.485443 6.546551 0.156624 2.132442 -5.882099 9.861278 0.702589 -10.936858 -0.360577 7.156196 0.000000 8.774813 -0.000001 -16.388603 17.589363 5.912026 -1.844030 2.498503 -2.507276 -10.163589 4.678937 4.621103 -20.975994 -0.000004 0.000001 -21.226255 2.451694 -3.593993 0.000000 -0.000007 -0.000000 -1.362681 2.240797 -0.746323 -21.334890 0.584908 3.008319 -13.821197 -0.000003 0.000001 -23.887131 -0.249079 -0.839482 -60.276928 2.543344 -1.363368 -0.294023 1.679687 0.833255 -14.218195 0.093213 1.300578 -34.212002 -0.287565 0.967170 -20.033180 0.964534 1.212842 0.000001 0.000001 -0.000000 -3.440387 0.788232 0.501655 -15.928171 -3.167306 2.999704 -6.338817 -0.000003 0.000001 -18.123415 3.648175 -4.905661 -0.000004 -0.000001 -0.000002 3.832807 -2.162843 11.918111 61.398479 73.832855 17.229662 179.314484 40.313984 179.791199 -10.898443 -4.436381 -5.057093 2.243538 -5.255032 -3.180156 14.282878 -0.826594 6.952496 -0.000002 -12.690591 -0.000001 16.235376 -17.709213 2.400858 1.665666 -1.955921 -2.878297 4.727796 -4.170584 4.993918 11.020514 0.000003 -0.000001 12.109035 -3.735711 -2.866778 0.000000 -0.000000 -0.000000 1.291985 -1.928548 -1.498087 14.800111 0.567467 3.865602 14.242551 -1.341735 -6.660647 19.631937 0.143925 -0.648242 49.163971 -0.586640 -6.100280 0.353028 -1.511149 -0.031940 20.222771 3.684307 2.316629 18.787245 0.000006 0.000001 10.751610 -0.479869 1.397904 -0.000000 -0.000001 0.000000 3.273803 0.305947 -0.580110 21.486794 11.830363 2.266131 8.162917 0.000001 0.000000 18.399054 -3.798980 -4.940567 0.000004 0.000000 -0.000001 14.190156 11.315781 -25.585167 -0.198635 -0.547841 21.418873 -16.846664 -1.749706 5.028479 1.587213 -1.804104 0.185218 0.000000 -0.000000 0.000002 -11.381884 -6.710066 -12.472527 0.221703 0.707220 27.409794 15.749244 2.366447 -14.138883 -1.432639 1.006061 -1.201120 0.000000 0.000000 -0.000001 
9.165102 95.551651 6.213208 -1.737739 -4.912574 3.042991 -0.956720 -0.108722 1.665111 -0.816909 -1.200373 -4.028962 -1.161545 -3.372922 9.342124 -7.266958 8.016453 17.877989 2.467947 11.738356 -3.633064 -0.268083 11.860928 -13.920020 0.000077 -0.000023 0.000006 -0.006207 -0.031956 0.002303 0.648601 -3.755532 -10.652210 -0.667943 3.705370 -10.628384 6.931264 -12.762351 5.830100 -23.452522 -24.224884 -48.376598 177.365891 -51.433056 -178.423721 6.294027 -0.107641 1.268429 -5.882103 9.861278 0.702590 -10.936862 -0.360575 7.156197 0.000001 8.774815 -0.000002 -16.217375 17.626768 5.991417 -1.844032 2.498502 -2.507277 -10.163589 4.678938 4.621103 -20.975996 -0.000005 0.000003 -21.226255 2.451692 -3.593992 0.000000 -0.000007 -0.000000 -1.362678 2.240796 -0.746322 -21.334896 0.584907 3.008322 -13.821197 -0.000003 0.000003 -23.887133 -0.249077 -0.839480 -60.029675 2.435966 -1.374185 -0.294025 1.679686 0.833256 -14.218192 0.093213 1.300578 -34.211998 -0.287564 0.967172 -20.033180 0.964535 1.212843 -0.000000 0.000002 -0.000000 -3.440385 0.788231 0.501654 -15.928167 -3.167306 2.999705 -6.338817 -0.000002 0.000001 -18.123415 3.648178 -4.905662 -0.000004 -0.000000 -0.000002 3.503600 -1.950470 11.844977 58.055485 75.071495 14.296284 179.928375 40.340698 179.948608 -10.562895 -4.729519 -5.305480 2.243540 -5.255033 -3.180156 14.282877 -0.826593 6.952495 -0.000001 -12.690591 0.000000 16.114803 -17.555685 2.414463 1.665665 -1.955919 -2.878296 4.727793 -4.170583 4.993918 11.020512 0.000003 -0.000001 12.109031 -3.735709 -2.866778 0.000000 0.000000 0.000000 1.291983 -1.928548 -1.498086 14.800114 0.567468 3.865603 14.242553 -1.341734 -6.660648 19.631935 0.143927 -0.648241 49.023743 -0.622979 -6.205164 0.353028 -1.511149 -0.031940 20.222769 3.684305 2.316629 18.787245 0.000005 0.000000 10.751610 -0.479867 1.397905 0.000000 0.000000 0.000000 3.273807 0.305947 -0.580112 21.486792 11.830362 2.266132 8.162916 0.000003 0.000001 18.399050 -3.798979 -4.940566 0.000003 -0.000001 -0.000001 14.574674 12.235936 -25.889538 -0.189446 -0.535375 22.329861 -16.524132 -0.990066 4.218526 1.602018 -1.805477 0.253052 -0.000000 0.000000 0.000002 -11.115880 -5.263322 -13.422133 0.158093 0.622041 27.061731 15.882573 2.547227 -14.173367 -1.427500 1.033709 -0.896338 -0.000000 -0.000000 -0.000001 
9.342390 95.400833 6.130888 -1.992166 -6.304868 3.046209 -0.784511 -0.069303 1.777409 -0.803958 -1.200106 -4.013992 -1.196259 -3.344534 9.476154 -7.723822 8.263813 17.239851 2.540935 12.159731 -3.613809 -0.356889 12.283387 -14.203348 0.000077 -0.000024 0.000006 -0.012691 0.011936 -0.001691 0.654666 -3.719379 -10.678917 -0.687157 3.747653 -10.652380 6.700859 -12.540384 6.010187 -23.699408 -23.723503 -49.932312 177.768951 -51.041451 -178.551483 6.063062 -0.442537 0.405742 -5.882100 9.861278 0.702592 -10.936858 -0.360575 7.156196 0.000002 8.774813 -0.000001 -16.292742 17.665007 5.945629 -1.844033 2.498501 -2.507274 -10.163588 4.678939 4.621105 -20.975994 -0.000006 0.000004 -21.226254 2.451692 -3.593991 0.000000 -0.000008 -0.000000 -1.362683 2.240796 -0.746322 -21.334887 0.584908 3.008321 -13.821195 -0.000003 0.000003 -23.887133 -0.249079 -0.839480 -59.956478 2.405072 -1.386258 -0.294024 1.679686 0.833254 -14.218194 0.093214 1.300579 -34.212006 -0.287564 0.967173 -20.033178 0.964535 1.212843 -0.000000 0.000003 -0.000000 -3.440386 0.788232 0.501655 -15.928165 -3.167306 2.999706 -6.338814 -0.000002 0.000001 -18.123411 3.648176 -4.905660 -0.000004 -0.000001 -0.000002 3.086032 -1.612589 11.802348 56.077351 75.989021 12.541443 -179.609100 40.506027 -179.831070 -10.300090 -4.600190 -5.557032 2.243538 -5.255032 -3.180155 14.282879 -0.826594 6.952496 -0.000003 -12.690591 0.000000 16.001295 -17.470600 2.451484 1.665665 -1.955920 -2.878296 4.727794 -4.170585 4.993918 11.020513 0.000003 -0.000001 12.109035 -3.735710 -2.866778 0.000000 0.000000 0.000000 1.291984 -1.928548 -1.498088 14.800113 0.567467 3.865602 14.242553 -1.341734 -6.660646 19.631939 0.143926 -0.648243 48.998516 -0.708766 -6.230368 0.353030 -1.511149 -0.031941 20.222773 3.684305 2.316627 18.787249 0.000004 0.000000 10.751612 -0.479870 1.397904 -0.000001 0.000001 -0.000000 3.273804 0.305948 -0.580111 21.486788 11.830363 2.266129 8.162916 0.000003 -0.000000 18.399054 -3.798980 -4.940567 0.000003 0.000000 -0.000001 14.964599 12.907930 -25.938812 -0.174909 -0.535768 23.445498 -16.226097 -0.442914 3.231642 1.612095 -1.797836 0.348429 -0.000000 0.000000 0.000002 -11.011339 -4.431960 -14.069267 0.209848 0.603522 27.403217 16.032436 3.301755 -14.141585 -1.428830 1.078587 -0.703159 0.000000 0.000000 -0.000001 
9.418080 95.254570 6.114901 -2.136965 -7.177886 2.893053 -0.693456 -0.076387 1.857805 -0.805169 -1.247971 -3.985324 -1.233017 -3.378320 9.586437 -7.911994 8.400584 16.904194 2.543258 12.377880 -3.585419 -0.434306 12.597061 -14.263851 0.000077 -0.000023 0.000006 -0.018987 0.042816 -0.007576 0.658050 -3.693719 -10.678191 -0.699119 3.775638 -10.645813 6.723385 -12.504801 6.189121 -24.256823 -23.435936 -51.062305 178.216553 -50.840126 -178.709305 5.876598 -0.692555 -0.102774 -5.882099 9.861278 0.702590 -10.936858 -0.360573 7.156196 0.000001 8.774809 0.000000 -16.408474 17.681061 5.869142 -1.844031 2.498503 -2.507276 -10.163589 4.678938 4.621105 -20.975998 -0.000005 0.000001 -21.226255 2.451691 -3.593993 0.000001 -0.000006 -0.000000 -1.362681 2.240795 -0.746323 -21.334892 0.584908 3.008320 -13.821195 -0.000003 0.000001 -23.887131 -0.249079 -0.839483 -59.992985 2.403506 -1.378587 -0.294025 1.679686 0.833256 -14.218195 0.093214 1.300579 -34.212006 -0.287563 0.967167 -20.033178 0.964534 1.212841 -0.000000 -0.000000 -0.000000 -3.440387 0.788232 0.501656 -15.928167 -3.167306 2.999704 -6.338817 -0.000002 0.000001 -18.123415 3.648174 -4.905662 -0.000004 -0.000001 -0.000002 2.866315 -1.406197 11.827220 55.171108 76.529343 11.709090 -179.377426 40.709431 -179.657654 -10.111565 -4.496513 -5.778437 2.243540 -5.255032 -3.180153 14.282878 -0.826593 6.952495 -0.000001 -12.690590 0.000001 15.974442 -17.441170 2.468855 1.665664 -1.955920 -2.878297 4.727795 -4.170585 4.993918 11.020512 0.000003 -0.000001 12.109035 -3.735710 -2.866780 -0.000001 -0.000000 -0.000000 1.291985 -1.928548 -1.498087 14.800113 0.567466 3.865603 14.242554 -1.341735 -6.660647 19.631941 0.143925 -0.648244 49.035664 -0.748603 -6.221312 0.353027 -1.511150 -0.031940 20.222771 3.684305 2.316628 18.787245 0.000004 -0.000001 10.751612 -0.479868 1.397903 -0.000000 0.000000 0.000000 3.273804 0.305947 -0.580111 21.486794 11.830363 2.266129 8.162915 0.000002 -0.000000 18.399054 -3.798980 -4.940568 0.000003 0.000000 -0.000001 15.263116 13.312778 -25.895435 -0.167081 -0.537418 24.397188 -16.028025 -0.185613 2.508977 1.615951 -1.807390 0.397411 0.000000 -0.000000 0.000002 -10.960622 -3.916283 -14.360616 0.245672 0.599228 27.789618 16.039904 3.858611 -14.294176 -1.428596 1.103341 -0.562859 -0.000000 -0.000000 -0.000001 
9.322143 95.152649 6.177869 -2.198161 -7.582883 2.686675 -0.627198 -0.087021 1.906457 -0.805749 -1.339016 -3.953652 -1.257846 -3.461235 9.654513 -7.983136 8.429085 16.741505 2.502315 12.473701 -3.561748 -0.516076 12.822640 -14.209436 0.000077 -0.000024 0.000006 -0.018793 0.038142 -0.001067 0.657359 -3.692515 -10.668307 -0.700125 3.771462 -10.634212 6.806430 -12.559854 6.299618 -24.828804 -23.368179 -51.673428 178.552139 -50.896061 -178.887405 5.609776 -0.937219 -0.232069 -5.882102 9.861279 0.702588 -10.936859 -0.360575 7.156195 0.000000 8.774813 -0.000002 -16.535225 17.691332 5.775345 -1.844031 2.498502 -2.507276 -10.163590 4.678939 4.621102 -20.975994 -0.000004 -0.000000 -21.226255 2.451694 -3.593997 -0.000000 -0.000007 -0.000000 -1.362681 2.240797 -0.746324 -21.334890 0.584908 3.008318 -13.821194 -0.000003 0.000000 -23.887131 -0.249079 -0.839484 -60.015030 2.404903 -1.370950 -0.294023 1.679686 0.833256 -14.218192 0.093214 1.300577 -34.212006 -0.287566 0.967167 -20.033180 0.964533 1.212841 0.000000 0.000000 -0.000000 -3.440386 0.788233 0.501655 -15.928167 -3.167306 2.999703 -6.338815 -0.000002 0.000000 -18.123413 3.648175 -4.905664 -0.000003 -0.000001 -0.000002 2.810697 -1.334825 11.829038 54.773693 76.744164 11.213591 -179.351486 40.902931 -179.598953 -9.951403 -4.532867 -6.058139 2.243538 -5.255033 -3.180155 14.282878 -0.826593 6.952496 -0.000002 -12.690591 -0.000001 16.060490 -17.407486 2.446999 1.665663 -1.955919 -2.878297 4.727793 -4.170583 4.993918 11.020511 0.000003 -0.000001 12.109033 -3.735711 -2.866779 0.000001 0.000000 -0.000000 1.291984 -1.928547 -1.498087 14.800113 0.567468 3.865602 14.242553 -1.341735 -6.660648 19.631939 0.143926 -0.648243 49.113953 -0.745942 -6.223403 0.353029 -1.511150 -0.031939 20.222773 3.684307 2.316628 18.787245 0.000004 0.000001 10.751612 -0.479868 1.397904 0.000000 0.000001 0.000000 3.273804 0.305947 -0.580110 21.486792 11.830363 2.266133 8.162916 0.000001 -0.000000 18.399052 -3.798980 -4.940567 0.000003 -0.000003 -0.000001 15.523359 13.512886 -25.730259 -0.157027 -0.532203 24.967197 -16.022009 -0.114985 2.153564 1.616572 -1.823873 0.391966 0.000000 0.000000 0.000002 -10.857885 -3.510122 -14.397765 0.240208 0.610988 28.193363 15.895048 4.079897 -14.603060 -1.427841 1.110278 -0.442101 -0.000000 -0.000000 -0.000001 
9.216656 95.083740 6.263881 -2.211423 -7.695561 2.501178 -0.564483 -0.087036 1.918119 -0.801318 -1.439883 -3.943295 -1.241433 -3.546010 9.734118 -8.052565 8.452717 16.624933 2.469777 12.480014 -3.556461 -0.599598 12.985506 -14.060980 0.000077 -0.000022 0.000006 -0.015978 0.011716 0.002508 0.662927 -3.716582 -10.662274 -0.701231 3.755728 -10.628287 6.904212 -12.608185 6.356375 -25.292730 -23.380863 -51.986637 178.657562 -51.003456 -178.985199 5.330338 -1.178221 -0.260249 -5.882102 9.861279 0.702589 -10.936860 -0.360575 7.156197 0.000001 8.774812 -0.000001 -16.570795 17.694044 5.720697 -1.844030 2.498504 -2.507274 -10.163589 4.678941 4.621105 -20.975996 -0.000004 0.000001 -21.226255 2.451692 -3.593994 0.000000 -0.000007 -0.000000 -1.362681 2.240797 -0.746320 -21.334890 0.584910 3.008319 -13.821197 -0.000002 0.000001 -23.887133 -0.249080 -0.839482 -60.017414 2.417624 -1.411533 -0.294026 1.679685 0.833255 -14.218192 0.093214 1.300578 -34.212006 -0.287563 0.967168 -20.033178 0.964535 1.212841 0.000000 -0.000000 0.000000 -3.440383 0.788233 0.501655 -15.928173 -3.167306 2.999703 -6.338815 -0.000003 0.000000 -18.123415 3.648178 -4.905662 -0.000005 -0.000001 -0.000002 2.809752 -1.364436 11.806481 54.514095 76.791298 10.791637 -179.400391 41.025284 -179.612061 -9.818489 -4.606134 -6.399419 2.243540 -5.255033 -3.180154 14.282877 -0.826593 6.952497 -0.000001 -12.690590 0.000001 16.122049 -17.353220 2.447267 1.665666 -1.955920 -2.878295 4.727796 -4.170583 4.993919 11.020511 0.000003 -0.000000 12.109032 -3.735709 -2.866778 -0.000001 -0.000000 -0.000000 1.291985 -1.928547 -1.498088 14.800113 0.567468 3.865605 14.242556 -1.341734 -6.660647 19.631939 0.143926 -0.648242 49.142334 -0.700180 -6.236442 0.353029 -1.511149 -0.031940 20.222769 3.684304 2.316629 18.787245 0.000004 0.000001 10.751612 -0.479869 1.397904 -0.000000 0.000000 0.000000 3.273803 0.305946 -0.580110 21.486794 11.830361 2.266131 8.162916 0.000001 0.000000 18.399054 -3.798979 -4.940566 0.000003 -0.000002 -0.000001 15.678584 13.595096 -25.571213 -0.152803 -0.528356 25.284813 -16.054779 -0.179023 1.953261 1.618871 -1.835547 0.350102 0.000000 0.000000 0.000002 -10.784245 -3.160692 -14.266119 0.233930 0.624971 28.411621 15.757132 4.049832 -14.963108 -1.425971 1.110548 -0.318556 -0.000000 -0.000000 -0.000001 
9.102767 95.053116 6.387120 -2.195431 -7.659978 2.365880 -0.504097 -0.085155 1.896235 -0.799814 -1.499920 -3.930722 -1.202048 -3.659988 9.773056 -8.139420 8.475700 16.520842 2.453250 12.465928 -3.544206 -0.693249 13.107458 -13.896916 0.000077 -0.000022 0.000006 -0.010915 -0.001062 0.001992 0.672561 -3.744239 -10.652783 -0.698538 3.730408 -10.623641 7.043326 -12.641296 6.397594 -25.663433 -23.389429 -52.130322 178.621414 -51.080757 -178.971619 5.097083 -1.406668 -0.297737 -5.882100 9.861279 0.702588 -10.936858 -0.360576 7.156197 0.000000 8.774814 -0.000002 -16.616259 17.667175 5.689779 -1.844030 2.498502 -2.507276 -10.163589 4.678940 4.621102 -20.975998 -0.000004 -0.000000 -21.226255 2.451693 -3.593995 0.000000 -0.000008 -0.000000 -1.362682 2.240796 -0.746323 -21.334892 0.584910 3.008318 -13.821197 -0.000003 0.000001 -23.887129 -0.249077 -0.839483 -60.067352 2.405718 -1.418093 -0.294024 1.679686 0.833256 -14.218192 0.093215 1.300577 -34.212006 -0.287564 0.967168 -20.033180 0.964534 1.212841 0.000000 -0.000000 0.000000 -3.440384 0.788233 0.501656 -15.928169 -3.167306 2.999705 -6.338815 -0.000001 0.000000 -18.123411 3.648176 -4.905663 -0.000005 -0.000002 -0.000002 2.818870 -1.456151 11.802208 54.261185 76.847572 10.364892 -179.461472 41.041058 -179.625229 -9.715493 -4.732128 -6.702170 2.243537 -5.255033 -3.180155 14.282877 -0.826594 6.952497 -0.000003 -12.690591 0.000001 16.232048 -17.342274 2.446292 1.665665 -1.955920 -2.878297 4.727794 -4.170584 4.993919 11.020511 0.000003 -0.000002 12.109030 -3.735709 -2.866779 0.000000 0.000000 0.000000 1.291986 -1.928547 -1.498088 14.800111 0.567468 3.865603 14.242553 -1.341734 -6.660649 19.631939 0.143926 -0.648243 49.199429 -0.662579 -6.261629 0.353029 -1.511149 -0.031940 20.222763 3.684307 2.316628 18.787245 0.000005 -0.000000 10.751608 -0.479869 1.397904 -0.000000 0.000000 0.000000 3.273804 0.305946 -0.580110 21.486790 11.830364 2.266130 8.162916 0.000002 0.000001 18.399052 -3.798978 -4.940567 0.000003 -0.000002 -0.000001 15.769506 13.602074 -25.400568 -0.154305 -0.533976 25.395515 -16.101387 -0.317103 1.854014 1.621907 -1.846513 0.338285 -0.000000 0.000000 0.000002 -10.724487 -2.845696 -14.051713 0.222021 0.638471 28.487026 15.652438 3.855119 -15.291492 -1.426759 1.108970 -0.208878 0.000000 -0.000000 -0.000001 
8.994980 95.049965 6.521510 -2.148191 -7.534631 2.282518 -0.470352 -0.098581 1.857322 -0.798483 -1.553914 -3.931621 -1.141592 -3.734578 9.817373 -8.201552 8.469087 16.382858 2.445570 12.435054 -3.532029 -0.808960 13.153757 -13.730493 0.000077 -0.000022 0.000006 -0.009542 -0.014407 0.005401 0.673912 -3.757321 -10.657488 -0.697991 3.725598 -10.628295 7.231073 -12.692558 6.410977 -25.969582 -23.373356 -52.124939 178.381531 -51.098248 -178.858627 4.921467 -1.674661 -0.334922 -5.882102 9.861278 0.702590 -10.936858 -0.360573 7.156196 -0.000001 8.774810 -0.000002 -16.585852 17.643494 5.729714 -1.844030 2.498502 -2.507277 -10.163589 4.678940 4.621102 -20.975996 -0.000001 -0.000002 -21.226255 2.451692 -3.593996 0.000000 -0.000007 -0.000000 -1.362679 2.240797 -0.746323 -21.334892 0.584911 3.008318 -13.821194 -0.000002 -0.000000 -23.887129 -0.249077 -0.839484 -60.103153 2.422001 -1.434137 -0.294024 1.679686 0.833256 -14.218197 0.093216 1.300579 -34.212002 -0.287562 0.967165 -20.033176 0.964536 1.212839 0.000000 -0.000001 0.000000 -3.440384 0.788233 0.501656 -15.928167 -3.167304 2.999703 -6.338813 -0.000001 0.000000 -18.123415 3.648175 -4.905663 -0.000004 -0.000001 -0.000002 2.832471 -1.596823 11.840890 53.729809 76.953903 9.664462 -179.456146 41.013233 -179.621521 -9.608014 -4.862139 -7.002450 2.243538 -5.255032 -3.180156 14.282875 -0.826593 6.952497 -0.000000 -12.690590 -0.000001 16.205933 -17.309679 2.470544 1.665665 -1.955920 -2.878297 4.727792 -4.170582 4.993918 11.020512 0.000002 -0.000001 12.109028 -3.735708 -2.866779 0.000001 0.000000 0.000000 1.291983 -1.928548 -1.498089 14.800111 0.567468 3.865605 14.242548 -1.341735 -6.660648 19.631935 0.143925 -0.648242 49.165386 -0.625808 -6.269063 0.353028 -1.511149 -0.031940 20.222769 3.684304 2.316629 18.787245 0.000004 0.000001 10.751610 -0.479868 1.397905 -0.000000 -0.000000 0.000000 3.273804 0.305946 -0.580109 21.486790 11.830360 2.266132 8.162915 0.000000 0.000000 18.399050 -3.798980 -4.940566 0.000003 -0.000002 -0.000001 15.795317 13.524468 -25.215441 -0.150402 -0.537186 25.300280 -16.160345 -0.398695 1.801074 1.623746 -1.846564 0.366920 -0.000000 0.000000 0.000002 -10.694688 -2.570428 -13.797272 0.205609 0.637108 28.425653 15.571222 3.568687 -15.592100 -1.424995 1.115233 -0.096909 0.000000 0.000000 -0.000001 
8.955197 95.098465 6.720144 -2.076943 -7.349188 2.257240 -0.472601 -0.095332 1.805911 -0.795082 -1.612181 -3.942085 -1.082652 -3.788242 9.835711 -8.236845 8.459659 16.213459 2.449604 12.405463 -3.522904 -0.902975 13.166561 -13.566808 0.000077 -0.000022 0.000006 -0.008400 -0.021090 0.012350 0.678548 -3.769490 -10.647281 -0.697291 3.713657 -10.615580 7.476401 -12.771013 6.391333 -26.254845 -23.306879 -52.194080 178.220734 -51.076187 -178.748901 4.734637 -1.961376 -0.527437 -5.882101 9.861278 0.702592 -10.936858 -0.360575 7.156196 0.000001 8.774813 -0.000001 -16.569559 17.645819 5.771201 -1.844027 2.498502 -2.507276 -10.163592 4.678940 4.621103 -20.975996 -0.000004 -0.000000 -21.226255 2.451692 -3.593995 0.000000 -0.000007 -0.000000 -1.362680 2.240796 -0.746322 -21.334892 0.584910 3.008318 -13.821198 -0.000003 0.000001 -23.887133 -0.249078 -0.839483 -60.159920 2.438251 -1.447299 -0.294026 1.679686 0.833255 -14.218194 0.093215 1.300578 -34.212013 -0.287564 0.967166 -20.033178 0.964534 1.212840 0.000000 0.000001 -0.000000 -3.440385 0.788233 0.501654 -15.928165 -3.167306 2.999700 -6.338817 -0.000000 -0.000001 -18.123411 3.648176 -4.905662 -0.000004 -0.000001 -0.000002 2.849474 -1.764737 11.855538 53.095028 77.054764 8.827594 -179.484985 40.902176 -179.641418 -9.547698 -4.997964 -7.223047 2.243540 -5.255031 -3.180155 14.282875 -0.826594 6.952495 -0.000002 -12.690588 0.000001 16.172964 -17.280500 2.506480 1.665664 -1.955920 -2.878297 4.727797 -4.170583 4.993918 11.020511 0.000003 -0.000001 12.109029 -3.735709 -2.866779 0.000000 0.000000 0.000000 1.291985 -1.928547 -1.498089 14.800113 0.567467 3.865604 14.242553 -1.341734 -6.660648 19.631939 0.143925 -0.648243 49.148201 -0.606392 -6.267601 0.353030 -1.511150 -0.031940 20.222769 3.684304 2.316627 18.787245 0.000003 -0.000000 10.751610 -0.479868 1.397904 -0.000001 0.000000 0.000000 3.273801 0.305947 -0.580111 21.486790 11.830360 2.266131 8.162917 0.000000 0.000000 18.399052 -3.798978 -4.940566 0.000003 -0.000003 -0.000001 15.717216 13.444554 -25.058517 -0.147406 -0.546023 25.153030 -16.189837 -0.484349 1.811803 1.624686 -1.857801 0.375386 0.000000 -0.000000 0.000002 -10.732517 -2.304874 -13.470887 0.179246 0.625940 28.195490 15.539258 3.252013 -15.708720 -1.426212 1.115134 -0.021070 0.000000 0.000000 -0.000001 
8.954841 95.164856 6.900778 -2.009585 -7.117376 2.279037 -0.489123 -0.111524 1.746957 -0.788904 -1.651935 -3.949252 -1.025024 -3.842465 9.829412 -8.248547 8.411989 15.996782 2.446953 12.372194 -3.516372 -0.960704 13.199976 -13.405315 0.000077 -0.000022 0.000006 -0.005682 -0.038778 0.009338 0.679315 -3.777817 -10.645604 -0.695922 3.696340 -10.614039 7.753544 -12.836949 6.359742 -26.538427 -23.229668 -52.259403 178.097504 -50.992104 -178.666748 4.586985 -2.225847 -0.836820 -5.882102 9.861278 0.702589 -10.936861 -0.360575 7.156199 -0.000000 8.774815 -0.000001 -16.560541 17.658039 5.796945 -1.844030 2.498503 -2.507276 -10.163590 4.678940 4.621105 -20.976000 -0.000006 0.000003 -21.226255 2.451691 -3.593992 0.000000 -0.000007 -0.000000 -1.362680 2.240797 -0.746322 -21.334894 0.584907 3.008322 -13.821197 -0.000004 0.000003 -23.887131 -0.249077 -0.839479 -60.169880 2.451514 -1.448623 -0.294024 1.679687 0.833256 -14.218194 0.093214 1.300579 -34.212006 -0.287565 0.967172 -20.033182 0.964533 1.212844 0.000000 -0.000001 -0.000000 -3.440387 0.788232 0.501654 -15.928167 -3.167307 2.999704 -6.338818 -0.000001 0.000001 -18.123415 3.648175 -4.905661 -0.000003 -0.000001 -0.000002 2.872306 -1.943207 11.875193 52.661339 77.284805 8.106676 -179.552307 40.808838 -179.725891 -9.484122 -5.067087 -7.390175 2.243537 -5.255032 -3.180155 14.282877 -0.826594 6.952496 -0.000000 -12.690587 0.000001 16.155924 -17.262554 2.515789 1.665664 -1.955919 -2.878297 4.727795 -4.170582 4.993918 11.020511 0.000003 -0.000001 12.109031 -3.735709 -2.866780 0.000000 0.000000 -0.000000 1.291982 -1.928548 -1.498087 14.800111 0.567467 3.865603 14.242551 -1.341733 -6.660651 19.631937 0.143927 -0.648245 49.092545 -0.607510 -6.257944 0.353031 -1.511150 -0.031940 20.222767 3.684305 2.316626 18.787245 0.000004 -0.000002 10.751610 -0.479868 1.397903 -0.000001 0.000000 0.000000 3.273803 0.305947 -0.580110 21.486788 11.830360 2.266129 8.162916 0.000001 0.000000 18.399050 -3.798979 -4.940567 0.000003 -0.000002 -0.000001 15.593779 13.367629 -24.958462 -0.153278 -0.560100 24.947483 -16.208141 -0.580193 1.872908 1.624671 -1.863739 0.393538 0.000000 -0.000000 0.000002 -10.788578 -2.065790 -13.163515 0.175934 0.632166 27.897669 15.506718 2.840138 -15.747530 -1.425846 1.108758 0.021270 -0.000000 -0.000000 -0.000001 
8.984307 95.235512 7.089749 -1.953981 -6.846334 2.335360 -0.510460 -0.134546 1.688980 -0.787466 -1.659745 -3.959019 -0.980398 -3.899608 9.816730 -8.216667 8.319509 15.726981 2.452276 12.340342 -3.503382 -1.020207 13.222784 -13.243386 0.000077 -0.000022 0.000006 -0.007410 -0.045527 0.009990 0.679680 -3.791300 -10.634694 -0.696259 3.691350 -10.603526 8.052186 -12.915128 6.327868 -26.748444 -23.142399 -52.399662 178.147186 -50.889755 -178.702072 4.435445 -2.438963 -1.112258 -5.882100 9.861279 0.702591 -10.936857 -0.360574 7.156196 -0.000000 8.774812 -0.000002 -16.538998 17.676144 5.842768 -1.844032 2.498502 -2.507276 -10.163587 4.678940 4.621104 -20.975994 -0.000003 0.000000 -21.226254 2.451691 -3.593995 0.000000 -0.000007 -0.000001 -1.362680 2.240798 -0.746322 -21.334887 0.584909 3.008319 -13.821191 -0.000002 0.000001 -23.887125 -0.249080 -0.839483 -60.192554 2.445885 -1.456971 -0.294023 1.679687 0.833256 -14.218192 0.093215 1.300579 -34.211998 -0.287562 0.967167 -20.033176 0.964536 1.212840 0.000001 0.000000 -0.000000 -3.440384 0.788233 0.501655 -15.928167 -3.167305 2.999703 -6.338814 -0.000002 0.000001 -18.123411 3.648176 -4.905663 -0.000004 -0.000001 -0.000002 2.874084 -2.108833 11.841649 52.424480 77.482315 7.497921 -179.635193 40.653641 -179.799805 -9.430786 -5.149391 -7.505939 2.243540 -5.255033 -3.180155 14.282875 -0.826591 6.952495 -0.000002 -12.690593 -0.000002 16.126762 -17.244335 2.530131 1.665663 -1.955920 -2.878297 4.727793 -4.170583 4.993919 11.020509 0.000004 -0.000000 12.109033 -3.735709 -2.866781 0.000000 -0.000000 -0.000000 1.291985 -1.928548 -1.498088 14.800113 0.567470 3.865603 14.242553 -1.341735 -6.660648 19.631937 0.143926 -0.648243 49.082695 -0.620422 -6.242428 0.353028 -1.511149 -0.031940 20.222767 3.684307 2.316628 18.787243 0.000006 0.000001 10.751610 -0.479867 1.397905 -0.000001 0.000000 0.000000 3.273803 0.305947 -0.580111 21.486788 11.830365 2.266132 8.162915 0.000003 -0.000000 18.399048 -3.798978 -4.940567 0.000003 -0.000002 -0.000001 15.449553 13.268218 -24.900913 -0.154956 -0.568770 24.730591 -16.251108 -0.674915 1.908669 1.622664 -1.873517 0.427826 0.000000 -0.000000 0.000002 -10.842146 -1.847207 -12.826849 0.155626 0.625440 27.496746 15.502119 2.429092 -15.769509 -1.425394 1.102667 0.051758 0.000000 0.000000 -0.000001 
8.991710 95.321236 7.277314 -1.890819 -6.575013 2.424820 -0.534636 -0.147341 1.635972 -0.788476 -1.680464 -3.980688 -0.954501 -3.914870 9.811542 -8.155427 8.191042 15.452737 2.447484 12.341889 -3.481004 -1.076892 13.219744 -13.132593 0.000077 -0.000023 0.000006 -0.006869 -0.050206 0.010063 0.680602 -3.787514 -10.635252 -0.697134 3.681288 -10.606419 8.332800 -13.001794 6.307837 -26.909706 -23.083002 -52.522781 178.179230 -50.811180 -178.751617 4.314642 -2.631373 -1.286943 -5.882100 9.861278 0.702587 -10.936858 -0.360575 7.156196 0.000001 8.774812 -0.000002 -16.540865 17.668259 5.881571 -1.844031 2.498502 -2.507274 -10.163592 4.678939 4.621103 -20.975996 -0.000004 0.000002 -21.226254 2.451693 -3.593993 0.000000 -0.000008 -0.000001 -1.362682 2.240795 -0.746324 -21.334892 0.584909 3.008321 -13.821197 -0.000003 0.000001 -23.887131 -0.249079 -0.839482 -60.231766 2.427864 -1.441617 -0.294024 1.679685 0.833255 -14.218192 0.093216 1.300577 -34.212006 -0.287565 0.967168 -20.033176 0.964535 1.212841 0.000001 -0.000002 -0.000000 -3.440385 0.788232 0.501654 -15.928167 -3.167305 2.999704 -6.338819 -0.000001 -0.000000 -18.123415 3.648177 -4.905662 -0.000004 -0.000002 -0.000002 2.860910 -2.249660 11.815742 52.168385 77.701286 6.811093 -179.703796 40.510414 -179.904800 -9.449185 -5.236294 -7.544795 2.243539 -5.255033 -3.180154 14.282875 -0.826593 6.952496 -0.000000 -12.690591 0.000000 16.110792 -17.211988 2.520576 1.665662 -1.955920 -2.878296 4.727791 -4.170582 4.993918 11.020510 0.000003 -0.000001 12.109032 -3.735709 -2.866780 -0.000001 0.000000 -0.000000 1.291984 -1.928549 -1.498087 14.800113 0.567467 3.865603 14.242551 -1.341735 -6.660648 19.631937 0.143926 -0.648243 49.064560 -0.628191 -6.233258 0.353026 -1.511150 -0.031940 20.222765 3.684307 2.316627 18.787245 0.000005 0.000000 10.751609 -0.479869 1.397904 -0.000001 0.000001 -0.000000 3.273804 0.305947 -0.580111 21.486788 11.830363 2.266131 8.162914 0.000001 0.000000 18.399048 -3.798978 -4.940566 0.000003 -0.000001 -0.000001 15.310667 13.155435 -24.875818 -0.153966 -0.569560 24.509781 -16.308681 -0.763618 2.042570 1.623183 -1.872075 0.472281 0.000000 -0.000000 0.000002 -10.892605 -1.687374 -12.538622 0.144625 0.619212 27.123283 15.502476 2.030152 -15.727888 -1.423922 1.098698 0.087578 -0.000000 0.000000 -0.000001 
8.979194 95.404083 7.427160 -1.842512 -6.334874 2.523745 -0.555584 -0.128455 1.594718 -0.790439 -1.707198 -4.001724 -0.948105 -3.923378 9.805584 -8.064034 8.097917 15.170990 2.434623 12.329297 -3.473270 -1.126883 13.219140 -13.054699 0.000077 -0.000022 0.000006 -0.005818 -0.058499 0.006719 0.681475 -3.794670 -10.637360 -0.695034 3.675124 -10.609706 8.595284 -13.079171 6.271247 -27.028006 -23.023338 -52.652756 178.215195 -50.710484 -178.812195 4.189822 -2.806697 -1.317353 -5.882102 9.861276 0.702589 -10.936858 -0.360577 7.156196 0.000000 8.774810 0.000001 -16.530806 17.659651 5.904396 -1.844030 2.498502 -2.507275 -10.163589 4.678938 4.621105 -20.975992 -0.000004 0.000002 -21.226254 2.451691 -3.593993 0.000000 -0.000008 -0.000000 -1.362679 2.240796 -0.746323 -21.334896 0.584908 3.008320 -13.821197 -0.000003 0.000002 -23.887131 -0.249078 -0.839481 -60.248085 2.435219 -1.441165 -0.294024 1.679685 0.833254 -14.218194 0.093214 1.300578 -34.211998 -0.287564 0.967169 -20.033178 0.964534 1.212841 -0.000000 0.000000 0.000000 -3.440386 0.788232 0.501655 -15.928167 -3.167307 2.999702 -6.338817 -0.000002 0.000001 -18.123413 3.648174 -4.905661 -0.000004 -0.000000 -0.000002 2.830825 -2.355444 11.771182 51.952480 77.941750 6.192358 -179.777985 40.370705 -179.999756 -9.423492 -5.282845 -7.527660 2.243541 -5.255033 -3.180155 14.282875 -0.826593 6.952495 -0.000002 -12.690590 0.000000 16.078499 -17.228176 2.537305 1.665663 -1.955920 -2.878296 4.727796 -4.170584 4.993918 11.020512 0.000003 -0.000001 12.109034 -3.735710 -2.866780 0.000000 0.000000 0.000000 1.291984 -1.928548 -1.498089 14.800113 0.567468 3.865603 14.242554 -1.341735 -6.660648 19.631937 0.143926 -0.648245 49.052723 -0.648717 -6.238843 0.353028 -1.511149 -0.031940 20.222771 3.684306 2.316627 18.787245 0.000005 -0.000001 10.751610 -0.479868 1.397904 -0.000001 -0.000001 0.000000 3.273806 0.305946 -0.580111 21.486790 11.830365 2.266128 8.162915 0.000003 -0.000000 18.399052 -3.798979 -4.940568 0.000003 -0.000002 -0.000001 15.207260 13.043787 -24.828829 -0.154275 -0.568392 24.209848 -16.379932 -0.799064 2.194583 1.622535 -1.869703 0.514221 0.000000 -0.000000 0.000002 -10.911341 -1.550565 -12.300784 0.125850 0.597185 26.766090 15.521423 1.695191 -15.674366 -1.424865 1.107505 0.111337 -0.000000 -0.000000 -0.000001 
9.007664 95.477417 7.561410 -1.813180 -6.121280 2.633331 -0.567286 -0.142568 1.541516 -0.789671 -1.677832 -4.007120 -0.939699 -3.932542 9.791128 -7.971377 8.015371 14.930458 2.425969 12.255684 -3.454942 -1.183356 13.258254 -13.001924 0.000077 -0.000021 0.000006 -0.005074 -0.060239 0.009384 0.689579 -3.795796 -10.628505 -0.702164 3.669800 -10.604468 8.803028 -13.138167 6.245219 -27.164589 -23.024378 -52.696598 178.265625 -50.628029 -178.854828 4.117348 -2.967885 -1.275979 -5.882099 9.861276 0.702590 -10.936861 -0.360575 7.156199 0.000001 8.774813 0.000000 -16.541153 17.667709 5.919748 -1.844030 2.498503 -2.507275 -10.163589 4.678938 4.621104 -20.975994 -0.000004 0.000002 -21.226254 2.451692 -3.593992 0.000000 -0.000007 -0.000000 -1.362681 2.240796 -0.746322 -21.334892 0.584907 3.008321 -13.821194 -0.000004 0.000003 -23.887133 -0.249079 -0.839479 -60.301189 2.458985 -1.457082 -0.294025 1.679686 0.833254 -14.218192 0.093214 1.300579 -34.212006 -0.287564 0.967172 -20.033178 0.964535 1.212844 -0.000000 -0.000002 -0.000000 -3.440386 0.788232 0.501655 -15.928165 -3.167308 2.999704 -6.338816 -0.000001 0.000002 -18.123413 3.648175 -4.905659 -0.000005 -0.000001 -0.000002 2.760529 -2.432565 11.725930 51.958073 78.132561 5.852725 -179.756683 40.245865 179.970581 -9.262356 -5.281795 -7.429563 2.243539 -5.255031 -3.180154 14.282877 -0.826594 6.952496 -0.000002 -12.690588 0.000001 16.058456 -17.248529 2.534267 1.665665 -1.955920 -2.878297 4.727794 -4.170583 4.993919 11.020512 0.000003 -0.000001 12.109031 -3.735710 -2.866779 -0.000001 0.000000 0.000000 1.291983 -1.928547 -1.498086 14.800113 0.567466 3.865603 14.242554 -1.341734 -6.660648 19.631939 0.143927 -0.648244 49.106018 -0.647633 -6.262210 0.353029 -1.511150 -0.031940 20.222767 3.684305 2.316628 18.787247 0.000003 -0.000000 10.751610 -0.479868 1.397904 -0.000001 0.000001 -0.000000 3.273805 0.305946 -0.580110 21.486794 11.830361 2.266130 8.162917 0.000002 -0.000000 18.399052 -3.798981 -4.940567 0.000003 -0.000001 -0.000001 15.103282 12.916189 -24.820749 -0.156876 -0.574652 23.964186 -16.408625 -0.823872 2.272316 1.624956 -1.856083 0.529038 -0.000000 -0.000000 0.000002 -10.937591 -1.489834 -12.065097 0.115387 0.599154 26.347992 15.565042 1.397189 -15.604506 -1.423993 1.116232 0.141568 -0.000000 -0.000000 -0.000001 
9.057823 95.541069 7.697061 -1.787153 -5.938547 2.736308 -0.578080 -0.140930 1.491559 -0.788440 -1.651397 -3.993415 -0.939321 -3.937892 9.768009 -7.897076 7.939607 14.675745 2.404542 12.191890 -3.466910 -1.201102 13.275229 -12.932590 0.000077 -0.000021 0.000006 -0.002444 -0.076254 0.006573 0.696801 -3.808027 -10.627435 -0.705212 3.652721 -10.605047 8.991015 -13.212111 6.220116 -27.333115 -23.001410 -52.809204 178.324707 -50.550797 -178.926132 4.042744 -3.123554 -1.262093 -5.882102 9.861278 0.702589 -10.936858 -0.360574 7.156197 0.000001 8.774812 0.000000 -16.541815 17.653763 5.910226 -1.844031 2.498502 -2.507276 -10.163589 4.678940 4.621104 -20.975996 -0.000003 0.000000 -21.226254 2.451690 -3.593995 0.000000 -0.000006 -0.000000 -1.362681 2.240796 -0.746323 -21.334892 0.584909 3.008320 -13.821197 -0.000002 0.000001 -23.887129 -0.249080 -0.839482 -60.331112 2.476527 -1.442852 -0.294025 1.679686 0.833255 -14.218194 0.093215 1.300578 -34.212006 -0.287563 0.967168 -20.033176 0.964534 1.212841 -0.000000 -0.000001 0.000000 -3.440384 0.788233 0.501656 -15.928167 -3.167305 2.999704 -6.338815 -0.000001 0.000000 -18.123413 3.648175 -4.905663 -0.000004 -0.000001 -0.000002 2.690552 -2.471484 11.657563 51.898361 78.297577 5.486080 -179.719757 40.113914 179.968323 -9.062311 -5.271904 -7.330738 2.243539 -5.255033 -3.180156 14.282875 -0.826592 6.952495 -0.000002 -12.690592 -0.000001 16.049116 -17.270397 2.533355 1.665664 -1.955921 -2.878296 4.727790 -4.170582 4.993918 11.020512 0.000003 -0.000000 12.109033 -3.735710 -2.866779 -0.000001 0.000000 0.000000 1.291986 -1.928548 -1.498088 14.800109 0.567469 3.865603 14.242553 -1.341734 -6.660649 19.631935 0.143927 -0.648242 49.157166 -0.646159 -6.284181 0.353029 -1.511149 -0.031941 20.222767 3.684308 2.316629 18.787245 0.000006 0.000000 10.751610 -0.479867 1.397905 -0.000000 0.000001 0.000000 3.273804 0.305947 -0.580110 21.486792 11.830364 2.266133 8.162916 0.000002 0.000000 18.399048 -3.798977 -4.940566 0.000003 -0.000002 -0.000001 14.990729 12.794134 -24.842257 -0.145324 -0.584771 23.812870 -16.397293 -0.843259 2.301577 1.627714 -1.856687 0.522901 -0.000000 -0.000000 0.000002 -10.986575 -1.467787 -11.831389 0.123450 0.607387 25.929539 15.629042 1.156359 -15.528933 -1.424900 1.118107 0.131451 -0.000000 -0.000000 -0.000001 
9.062279 95.605042 7.779766 -1.773626 -5.800569 2.806782 -0.584242 -0.143222 1.476066 -0.787171 -1.642997 -3.993420 -0.936800 -3.928971 9.754039 -7.827966 7.899924 14.434135 2.413375 12.137033 -3.448539 -1.240625 13.282867 -12.880976 0.000077 -0.000022 0.000005 -0.000462 -0.082728 0.006344 0.701405 -3.820161 -10.625435 -0.704489 3.644497 -10.605012 9.157231 -13.260077 6.215676 -27.470066 -23.006659 -52.988285 178.347214 -50.498142 -178.987915 3.975197 -3.277266 -1.303010 -5.882102 9.861279 0.702592 -10.936861 -0.360575 7.156199 0.000001 8.774814 0.000000 -16.527975 17.657860 5.927859 -1.844032 2.498502 -2.507275 -10.163590 4.678940 4.621105 -20.975996 -0.000004 0.000004 -21.226250 2.451694 -3.593991 0.000000 -0.000006 -0.000000 -1.362678 2.240796 -0.746324 -21.334898 0.584908 3.008322 -13.821197 -0.000003 0.000003 -23.887133 -0.249077 -0.839479 -60.342941 2.512912 -1.437069 -0.294026 1.679686 0.833255 -14.218194 0.093214 1.300581 -34.212006 -0.287563 0.967172 -20.033180 0.964536 1.212843 -0.000000 -0.000001 0.000000 -3.440388 0.788231 0.501656 -15.928171 -3.167306 2.999705 -6.338817 -0.000001 0.000003 -18.123413 3.648176 -4.905658 -0.000004 -0.000001 -0.000002 2.614922 -2.473578 11.607655 51.623730 78.495399 4.968708 -179.653763 40.024044 179.967697 -8.894053 -5.230639 -7.178223 2.243538 -5.255033 -3.180155 14.282877 -0.826593 6.952496 -0.000001 -12.690590 -0.000000 16.059658 -17.287882 2.536957 1.665665 -1.955920 -2.878297 4.727795 -4.170583 4.993918 11.020509 0.000003 -0.000001 12.109030 -3.735710 -2.866779 -0.000001 0.000000 -0.000000 1.291986 -1.928548 -1.498089 14.800111 0.567468 3.865603 14.242553 -1.341734 -6.660648 19.631939 0.143927 -0.648243 49.204960 -0.657358 -6.285872 0.353027 -1.511149 -0.031940 20.222771 3.684307 2.316629 18.787245 0.000005 0.000000 10.751610 -0.479868 1.397905 -0.000000 0.000001 0.000000 3.273804 0.305948 -0.580110 21.486792 11.830363 2.266132 8.162917 0.000003 0.000001 18.399052 -3.798978 -4.940566 0.000003 -0.000002 -0.000001 14.943855 12.673944 -24.815842 -0.144690 -0.597490 23.614363 -16.428370 -0.823982 2.421252 1.629719 -1.865255 0.534341 -0.000000 -0.000000 0.000002 -10.975628 -1.445743 -11.666760 0.103207 0.629745 25.631611 15.665053 0.922111 -15.426125 -1.424512 1.115852 0.132279 -0.000000 0.000000 -0.000001 
9.117622 95.637016 7.882000 -1.761717 -5.704040 2.844140 -0.587023 -0.131789 1.481236 -0.788216 -1.629080 -3.984855 -0.933398 -3.908820 9.752937 -7.763671 7.840807 14.208547 2.425285 12.106086 -3.446378 -1.291391 13.269261 -12.812872 0.000077 -0.000024 0.000006 0.001146 -0.076008 0.005781 0.704831 -3.818987 -10.631532 -0.704803 3.649275 -10.612058 9.309954 -13.312881 6.210727 -27.561462 -23.016102 -53.086906 178.226547 -50.473511 -178.991623 3.952150 -3.434095 -1.469035 -5.882102 9.861278 0.702589 -10.936859 -0.360575 7.156198 -0.000001 8.774816 -0.000000 -16.448246 17.683973 5.926187 -1.844031 2.498503 -2.507275 -10.163589 4.678941 4.621102 -20.975992 -0.000004 0.000000 -21.226254 2.451692 -3.593994 0.000000 -0.000007 -0.000000 -1.362680 2.240797 -0.746323 -21.334892 0.584909 3.008319 -13.821197 -0.000002 0.000001 -23.887131 -0.249078 -0.839482 -60.333549 2.506433 -1.448715 -0.294023 1.679687 0.833256 -14.218194 0.093215 1.300579 -34.212002 -0.287561 0.967170 -20.033178 0.964536 1.212841 -0.000001 0.000000 0.000000 -3.440387 0.788232 0.501656 -15.928169 -3.167306 2.999705 -6.338815 -0.000001 0.000001 -18.123411 3.648178 -4.905660 -0.000004 -0.000002 -0.000002 2.522690 -2.482896 11.534806 51.635773 78.755852 4.832232 -179.520309 39.997524 -179.963577 -8.742205 -5.183377 -7.088892 2.243539 -5.255033 -3.180155 14.282878 -0.826593 6.952498 -0.000002 -12.690591 0.000000 16.070488 -17.272856 2.545699 1.665664 -1.955920 -2.878298 4.727794 -4.170583 4.993920 11.020510 0.000004 0.000000 12.109032 -3.735711 -2.866778 -0.000001 0.000000 0.000000 1.291983 -1.928548 -1.498088 14.800114 0.567468 3.865605 14.242550 -1.341735 -6.660648 19.631939 0.143927 -0.648242 49.226501 -0.660901 -6.262677 0.353029 -1.511149 -0.031941 20.222769 3.684307 2.316630 18.787245 0.000003 0.000002 10.751609 -0.479867 1.397905 -0.000000 0.000000 0.000000 3.273804 0.305947 -0.580110 21.486792 11.830363 2.266133 8.162916 0.000002 0.000001 18.399052 -3.798981 -4.940565 0.000003 -0.000002 -0.000001 14.879927 12.579411 -24.807478 -0.142894 -0.600599 23.574558 -16.447485 -0.863377 2.362994 1.632296 -1.864050 0.559391 0.000000 -0.000000 0.000002 -11.020515 -1.423278 -11.466627 0.105420 0.630473 25.330141 15.679477 0.760894 -15.386756 -1.425559 1.102565 0.127765 -0.000000 0.000000 -0.000001 
9.132318 95.661591 7.990828 -1.745525 -5.594875 2.868501 -0.583011 -0.136691 1.492576 -0.791586 -1.617238 -3.994343 -0.942033 -3.876642 9.766446 -7.701174 7.762911 14.030805 2.429306 12.121762 -3.449193 -1.339601 13.243230 -12.752946 0.000077 -0.000024 0.000006 0.001905 -0.095492 -0.000495 0.706122 -3.837428 -10.643178 -0.704124 3.636553 -10.626643 9.428877 -13.385465 6.207723 -27.617018 -23.023561 -53.197586 178.161697 -50.474091 -178.971939 3.964925 -3.581620 -1.668911 -5.882101 9.861278 0.702590 -10.936860 -0.360575 7.156197 0.000002 8.774815 -0.000001 -16.441139 17.694647 5.905225 -1.844032 2.498502 -2.507275 -10.163589 4.678941 4.621105 -20.975992 -0.000003 0.000002 -21.226248 2.451693 -3.593995 0.000000 -0.000008 -0.000000 -1.362678 2.240797 -0.746323 -21.334887 0.584909 3.008320 -13.821197 -0.000003 0.000001 -23.887125 -0.249077 -0.839481 -60.328659 2.495442 -1.477752 -0.294026 1.679685 0.833254 -14.218190 0.093214 1.300578 -34.211998 -0.287563 0.967168 -20.033176 0.964536 1.212840 -0.000001 0.000000 0.000000 -3.440386 0.788233 0.501656 -15.928167 -3.167306 2.999704 -6.338816 -0.000001 0.000001 -18.123415 3.648176 -4.905662 -0.000004 -0.000001 -0.000002 2.427843 -2.488945 11.461394 51.789474 78.982231 4.854718 -179.396912 39.993118 -179.893707 -8.657143 -5.093437 -7.045546 2.243537 -5.255033 -3.180155 14.282878 -0.826594 6.952497 0.000000 -12.690588 0.000000 16.033701 -17.279108 2.548741 1.665665 -1.955920 -2.878297 4.727795 -4.170584 4.993917 11.020510 0.000003 -0.000001 12.109033 -3.735710 -2.866779 -0.000001 0.000000 0.000000 1.291985 -1.928548 -1.498088 14.800111 0.567467 3.865603 14.242554 -1.341736 -6.660648 19.631939 0.143926 -0.648244 49.252113 -0.674153 -6.280727 0.353029 -1.511150 -0.031939 20.222773 3.684305 2.316628 18.787247 0.000003 0.000000 10.751612 -0.479868 1.397904 -0.000000 -0.000001 0.000000 3.273802 0.305947 -0.580110 21.486790 11.830363 2.266131 8.162916 0.000003 0.000000 18.399054 -3.798979 -4.940568 0.000003 0.000000 -0.000001 14.844974 12.494717 -24.792831 -0.151975 -0.603268 23.555656 -16.490501 -0.943967 2.331313 1.633346 -1.869253 0.570548 0.000000 -0.000000 0.000002 -11.044703 -1.438469 -11.296979 0.099540 0.625300 25.144209 15.644240 0.671203 -15.371243 -1.423741 1.079432 0.128138 -0.000000 0.000000 -0.000001 
9.213660 95.665085 8.070487 -1.731222 -5.508559 2.884560 -0.571308 -0.113709 1.512976 -0.797148 -1.612210 -4.006092 -0.946391 -3.861747 9.796572 -7.647273 7.692369 13.833460 2.423743 12.147275 -3.451874 -1.387894 13.206935 -12.737294 0.000077 -0.000023 0.000006 -0.000227 -0.075959 -0.000783 0.702678 -3.813999 -10.652499 -0.708350 3.659111 -10.639337 9.541765 -13.473562 6.211032 -27.616947 -22.993067 -53.350800 178.020004 -50.491226 -178.883011 4.020846 -3.723139 -1.841498 -5.882102 9.861278 0.702590 -10.936859 -0.360576 7.156196 -0.000002 8.774814 -0.000000 -16.427940 17.664719 5.892360 -1.844032 2.498502 -2.507276 -10.163589 4.678940 4.621104 -20.975996 -0.000003 0.000001 -21.226254 2.451692 -3.593995 0.000000 -0.000008 -0.000000 -1.362679 2.240796 -0.746323 -21.334890 0.584908 3.008321 -13.821197 -0.000003 0.000002 -23.887133 -0.249078 -0.839481 -60.285084 2.470256 -1.500692 -0.294023 1.679685 0.833254 -14.218192 0.093215 1.300579 -34.212002 -0.287564 0.967170 -20.033178 0.964534 1.212842 0.000000 -0.000001 -0.000000 -3.440386 0.788233 0.501654 -15.928165 -3.167306 2.999703 -6.338816 -0.000001 0.000001 -18.123411 3.648176 -4.905662 -0.000004 -0.000002 -0.000002 2.321597 -2.529591 11.404068 51.719707 79.273575 4.635433 -179.275589 40.031288 -179.867081 -8.605861 -4.975276 -7.047999 2.243541 -5.255032 -3.180156 14.282875 -0.826592 6.952497 -0.000001 -12.690588 -0.000002 15.958681 -17.304907 2.547369 1.665663 -1.955920 -2.878297 4.727793 -4.170582 4.993918 11.020510 0.000004 0.000000 12.109029 -3.735709 -2.866779 0.000000 0.000000 0.000000 1.291985 -1.928548 -1.498089 14.800111 0.567468 3.865604 14.242553 -1.341735 -6.660648 19.631941 0.143925 -0.648242 49.180840 -0.674742 -6.288342 0.353030 -1.511149 -0.031940 20.222771 3.684306 2.316630 18.787245 0.000004 0.000002 10.751610 -0.479866 1.397905 -0.000000 -0.000000 -0.000000 3.273802 0.305947 -0.580110 21.486794 11.830364 2.266134 8.162915 0.000002 0.000001 18.399052 -3.798980 -4.940566 0.000003 0.000001 -0.000001 14.762869 12.446976 -24.845270 -0.151354 -0.594908 23.651033 -16.485271 -1.020383 2.208790 1.632522 -1.871149 0.613964 0.000000 -0.000000 0.000002 -11.111239 -1.407057 -11.168314 0.094723 0.619263 24.997648 15.630573 0.579199 -15.364747 -1.424160 1.077908 0.149453 -0.000000 -0.000000 -0.000001 
9.302589 95.674759 8.132857 -1.702129 -5.407726 2.888668 -0.565805 -0.115424 1.527693 -0.798622 -1.597704 -4.007376 -0.953583 -3.850123 9.817911 -7.603698 7.623069 13.642112 2.415217 12.168988 -3.442992 -1.437975 13.184282 -12.752104 0.000077 -0.000023 0.000006 -0.001156 -0.075963 -0.000422 0.705362 -3.819330 -10.658677 -0.711619 3.657177 -10.646550 9.624879 -13.582871 6.205243 -27.623457 -22.934290 -53.543156 177.958084 -50.523067 -178.791763 4.071717 -3.834244 -1.909300 -5.882099 9.861279 0.702591 -10.936860 -0.360575 7.156197 0.000002 8.774815 0.000001 -16.454397 17.669876 5.872340 -1.844031 2.498502 -2.507276 -10.163592 4.678941 4.621103 -20.975998 -0.000005 0.000001 -21.226255 2.451692 -3.593994 0.000000 -0.000007 -0.000000 -1.362681 2.240795 -0.746323 -21.334890 0.584909 3.008319 -13.821195 -0.000001 0.000001 -23.887125 -0.249079 -0.839482 -60.260357 2.467936 -1.531281 -0.294024 1.679687 0.833255 -14.218194 0.093214 1.300578 -34.211998 -0.287564 0.967168 -20.033180 0.964534 1.212840 0.000001 0.000000 -0.000000 -3.440386 0.788233 0.501655 -15.928169 -3.167305 2.999704 -6.338818 -0.000002 0.000000 -18.123415 3.648177 -4.905662 -0.000005 -0.000001 -0.000002 2.211032 -2.547460 11.355685 51.788509 79.537277 4.532910 -179.220215 40.096249 -179.802322 -8.577529 -4.831903 -7.069968 2.243540 -5.255032 -3.180155 14.282877 -0.826595 6.952495 -0.000002 -12.690591 0.000002 15.911841 -17.323305 2.543902 1.665664 -1.955919 -2.878297 4.727793 -4.170584 4.993919 11.020512 0.000003 -0.000002 12.109034 -3.735709 -2.866781 -0.000001 -0.000000 0.000000 1.291985 -1.928548 -1.498088 14.800113 0.567467 3.865602 14.242556 -1.341733 -6.660649 19.631939 0.143925 -0.648245 49.141548 -0.674595 -6.315441 0.353029 -1.511149 -0.031939 20.222771 3.684306 2.316627 18.787245 0.000005 -0.000001 10.751610 -0.479869 1.397903 0.000000 -0.000001 -0.000000 3.273805 0.305947 -0.580110 21.486792 11.830363 2.266128 8.162915 0.000000 -0.000001 18.399054 -3.798980 -4.940569 0.000003 -0.000001 -0.000001 14.650692 12.422123 -24.904247 -0.150109 -0.590823 23.741993 -16.457407 -1.134092 2.124490 1.633548 -1.871712 0.624104 0.000000 -0.000000 0.000002 -11.204164 -1.394732 -11.042184 0.100866 0.609232 24.865026 15.633585 0.518603 -15.321277 -1.424429 1.078110 0.169024 -0.000000 0.000000 -0.000001 
9.386140 95.673172 8.180008 -1.678115 -5.294030 2.881141 -0.556449 -0.113185 1.557532 -0.794991 -1.598233 -4.001416 -0.958124 -3.829140 9.824226 -7.559738 7.576151 13.467735 2.403424 12.132087 -3.445282 -1.504774 13.192086 -12.770645 0.000077 -0.000023 0.000006 -0.000746 -0.082511 -0.000361 0.704304 -3.821924 -10.663024 -0.712900 3.647948 -10.652943 9.706992 -13.685161 6.244590 -27.686781 -22.891535 -53.796001 177.935425 -50.532116 -178.704712 4.161258 -3.923211 -1.897926 -5.882100 9.861278 0.702589 -10.936860 -0.360576 7.156198 0.000001 8.774814 -0.000001 -16.469164 17.664705 5.871829 -1.844033 2.498502 -2.507275 -10.163590 4.678939 4.621103 -20.975992 -0.000003 0.000000 -21.226250 2.451694 -3.593995 0.000000 -0.000006 -0.000001 -1.362680 2.240797 -0.746322 -21.334887 0.584911 3.008320 -13.821194 -0.000003 0.000001 -23.887129 -0.249078 -0.839482 -60.233845 2.488676 -1.533453 -0.294026 1.679686 0.833254 -14.218194 0.093215 1.300579 -34.212002 -0.287562 0.967168 -20.033176 0.964536 1.212840 0.000000 0.000001 -0.000000 -3.440386 0.788233 0.501656 -15.928167 -3.167305 2.999703 -6.338817 -0.000001 0.000001 -18.123411 3.648177 -4.905663 -0.000004 -0.000001 -0.000002 2.102576 -2.583616 11.320800 51.626286 79.743675 4.143462 -179.234222 40.153996 -179.810776 -8.527716 -4.665510 -7.013097 2.243541 -5.255034 -3.180156 14.282875 -0.826591 6.952496 -0.000004 -12.690591 -0.000001 15.887309 -17.364742 2.532086 1.665666 -1.955920 -2.878298 4.727792 -4.170584 4.993919 11.020511 0.000004 -0.000001 12.109030 -3.735709 -2.866779 0.000000 -0.000000 -0.000000 1.291986 -1.928549 -1.498088 14.800109 0.567470 3.865603 14.242551 -1.341734 -6.660650 19.631939 0.143926 -0.648243 49.077396 -0.670236 -6.325346 0.353028 -1.511149 -0.031940 20.222767 3.684307 2.316628 18.787245 0.000005 0.000000 10.751610 -0.479867 1.397905 0.000000 0.000000 -0.000000 3.273804 0.305947 -0.580110 21.486790 11.830368 2.266134 8.162916 0.000003 0.000001 18.399050 -3.798979 -4.940566 0.000003 0.000000 -0.000001 14.540002 12.445765 -24.972694 -0.149244 -0.579135 23.844130 -16.414619 -1.267213 2.115183 1.632289 -1.879879 0.639028 0.000000 -0.000000 0.000002 -11.277846 -1.365328 -10.902815 0.091919 0.596997 24.719490 15.658134 0.427404 -15.334847 -1.424132 1.086637 0.187417 0.000000 0.000000 -0.000001 
9.466905 95.675545 8.239930 -1.646855 -5.154150 2.882594 -0.547582 -0.126924 1.581197 -0.788183 -1.593192 -3.990154 -0.954269 -3.820009 9.828577 -7.520066 7.516090 13.285402 2.400817 12.086698 -3.455674 -1.585708 13.206309 -12.791920 0.000077 -0.000022 0.000006 -0.001810 -0.082603 0.003489 0.703583 -3.818200 -10.651662 -0.711635 3.661944 -10.641241 9.783463 -13.772845 6.282331 -27.776777 -22.908314 -54.019485 177.971436 -50.564384 -178.734863 4.267385 -3.953988 -1.799096 -5.882101 9.861277 0.702589 -10.936860 -0.360574 7.156199 0.000002 8.774812 0.000000 -16.477242 17.672915 5.852982 -1.844033 2.498501 -2.507277 -10.163589 4.678939 4.621103 -20.976000 -0.000005 0.000001 -21.226254 2.451691 -3.593993 0.000000 -0.000008 -0.000000 -1.362682 2.240796 -0.746324 -21.334892 0.584908 3.008321 -13.821198 -0.000004 0.000001 -23.887135 -0.249080 -0.839480 -60.225872 2.510124 -1.533123 -0.294025 1.679686 0.833255 -14.218190 0.093214 1.300577 -34.212013 -0.287565 0.967169 -20.033180 0.964534 1.212842 0.000000 -0.000001 0.000000 -3.440386 0.788232 0.501655 -15.928173 -3.167306 2.999703 -6.338817 -0.000002 0.000000 -18.123415 3.648175 -4.905660 -0.000004 -0.000001 -0.000002 1.996504 -2.616391 11.317919 51.605698 79.918854 3.935661 -179.206589 40.174236 -179.755203 -8.450793 -4.535260 -6.984973 2.243538 -5.255033 -3.180154 14.282877 -0.826594 6.952495 -0.000003 -12.690591 0.000001 15.865547 -17.364937 2.520795 1.665667 -1.955920 -2.878296 4.727791 -4.170583 4.993918 11.020510 0.000003 -0.000002 12.109035 -3.735711 -2.866781 -0.000001 0.000000 0.000000 1.291985 -1.928548 -1.498089 14.800113 0.567468 3.865601 14.242553 -1.341733 -6.660650 19.631939 0.143928 -0.648244 49.022213 -0.652589 -6.322582 0.353029 -1.511150 -0.031939 20.222767 3.684306 2.316626 18.787243 0.000006 -0.000002 10.751610 -0.479866 1.397904 0.000000 0.000000 0.000000 3.273802 0.305947 -0.580110 21.486790 11.830365 2.266129 8.162916 0.000002 -0.000001 18.399054 -3.798978 -4.940569 0.000003 0.000000 -0.000001 14.416353 12.463864 -25.032349 -0.151833 -0.573072 23.906296 -16.368853 -1.400932 2.025759 1.632628 -1.882051 0.626019 0.000000 -0.000000 0.000002 -11.364410 -1.364576 -10.740520 0.104871 0.594509 24.541609 15.698684 0.318666 -15.353259 -1.424891 1.104088 0.205837 0.000000 0.000000 -0.000001 
9.536706 95.701881 8.309296 -1.615310 -5.035823 2.890895 -0.544316 -0.144240 1.607564 -0.775576 -1.594813 -3.983943 -0.942677 -3.803049 9.814426 -7.457236 7.440691 13.132054 2.372097 12.059422 -3.460608 -1.664345 13.201972 -12.819399 0.000077 -0.000022 0.000006 -0.002387 -0.062957 -0.000573 0.701456 -3.800431 -10.648052 -0.712369 3.667263 -10.636911 9.863470 -13.863508 6.297656 -27.934851 -22.880896 -54.225105 178.039169 -50.538441 -178.760147 4.379967 -3.956609 -1.658020 -5.882100 9.861279 0.702590 -10.936856 -0.360575 7.156196 0.000001 8.774815 0.000000 -16.480375 17.694616 5.833002 -1.844031 2.498503 -2.507275 -10.163588 4.678940 4.621104 -20.975990 -0.000004 0.000001 -21.226250 2.451694 -3.593995 0.000000 -0.000006 -0.000000 -1.362681 2.240797 -0.746323 -21.334892 0.584909 3.008321 -13.821194 -0.000003 0.000001 -23.887131 -0.249079 -0.839483 -60.169430 2.536628 -1.554913 -0.294023 1.679687 0.833255 -14.218190 0.093214 1.300578 -34.212002 -0.287564 0.967169 -20.033178 0.964534 1.212842 0.000000 0.000000 -0.000000 -3.440386 0.788233 0.501654 -15.928169 -3.167306 2.999704 -6.338815 -0.000002 -0.000001 -18.123411 3.648176 -4.905663 -0.000004 -0.000001 -0.000002 1.902826 -2.630610 11.308847 51.598789 80.060799 3.717535 -179.200638 40.178291 -179.748871 -8.439213 -4.430182 -7.019126 2.243540 -5.255033 -3.180157 14.282877 -0.826592 6.952496 -0.000003 -12.690590 -0.000002 15.858646 -17.352993 2.516190 1.665667 -1.955921 -2.878299 4.727793 -4.170583 4.993918 11.020510 0.000004 -0.000001 12.109032 -3.735709 -2.866781 -0.000002 0.000000 0.000000 1.291983 -1.928548 -1.498088 14.800107 0.567470 3.865604 14.242550 -1.341735 -6.660649 19.631937 0.143926 -0.648242 49.018101 -0.653170 -6.309520 0.353029 -1.511149 -0.031940 20.222767 3.684308 2.316629 18.787247 0.000005 0.000001 10.751610 -0.479867 1.397905 0.000000 -0.000002 -0.000000 3.273805 0.305946 -0.580111 21.486790 11.830367 2.266134 8.162915 0.000003 0.000001 18.399048 -3.798977 -4.940566 0.000003 -0.000001 -0.000001 14.301320 12.464609 -25.045612 -0.148360 -0.575856 23.895655 -16.335205 -1.509249 2.030488 1.630831 -1.882243 0.616949 0.000000 -0.000000 0.000002 -11.437625 -1.362575 -10.575672 0.100489 0.591371 24.343798 15.739979 0.204475 -15.280281 -1.423995 1.117893 0.225756 0.000000 0.000000 -0.000001 
9.668689 95.736435 8.359840 -1.571669 -4.946385 2.894938 -0.551275 -0.134223 1.616699 -0.768000 -1.615488 -3.978340 -0.928538 -3.801000 9.802689 -7.413717 7.386902 12.990264 2.372037 12.047348 -3.456892 -1.758938 13.235995 -12.857706 0.000077 -0.000023 0.000006 -0.001023 -0.062858 -0.000836 0.703099 -3.792037 -10.647256 -0.712857 3.672018 -10.636865 9.958021 -13.932885 6.274452 -28.125282 -22.841223 -54.452595 178.179520 -50.550575 -178.872009 4.490032 -3.944690 -1.588201 -5.882102 9.861279 0.702587 -10.936858 -0.360574 7.156196 0.000001 8.774814 0.000000 -16.465023 17.702644 5.850715 -1.844031 2.498503 -2.507277 -10.163590 4.678940 4.621103 -20.975994 -0.000003 -0.000002 -21.226250 2.451693 -3.593997 0.000000 -0.000007 -0.000000 -1.362682 2.240797 -0.746324 -21.334887 0.584908 3.008318 -13.821197 -0.000004 -0.000000 -23.887129 -0.249079 -0.839484 -60.158131 2.551899 -1.537328 -0.294025 1.679686 0.833255 -14.218190 0.093215 1.300577 -34.211998 -0.287563 0.967165 -20.033176 0.964535 1.212839 0.000001 0.000000 -0.000000 -3.440386 0.788232 0.501656 -15.928167 -3.167306 2.999702 -6.338815 -0.000001 -0.000001 -18.123413 3.648176 -4.905664 -0.000004 -0.000001 -0.000002 1.832997 -2.619206 11.321021 51.801613 80.183372 3.667084 -179.258301 40.197090 -179.755463 -8.436037 -4.356511 -7.140904 2.243538 -5.255033 -3.180156 14.282877 -0.826592 6.952497 -0.000001 -12.690592 -0.000001 15.854992 -17.348524 2.515434 1.665665 -1.955920 -2.878296 4.727792 -4.170583 4.993918 11.020510 0.000003 -0.000001 12.109031 -3.735710 -2.866780 0.000001 0.000000 0.000000 1.291985 -1.928548 -1.498087 14.800113 0.567468 3.865604 14.242551 -1.341734 -6.660648 19.631939 0.143926 -0.648243 49.004978 -0.652885 -6.285351 0.353027 -1.511149 -0.031940 20.222769 3.684308 2.316629 18.787245 0.000005 0.000001 10.751610 -0.479867 1.397905 0.000001 0.000000 -0.000000 3.273806 0.305947 -0.580110 21.486788 11.830367 2.266133 8.162914 0.000002 0.000001 18.399050 -3.798981 -4.940566 0.000003 -0.000001 -0.000001 14.142444 12.453392 -25.083735 -0.156969 -0.578646 23.932945 -16.269714 -1.563660 2.111087 1.629861 -1.879762 0.636324 -0.000000 0.000000 0.000002 -11.571184 -1.361348 -10.368032 0.110058 0.590199 24.011185 15.812172 0.091196 -15.145466 -1.423918 1.125321 0.204051 0.000000 0.000000 -0.000001 
9.834860 95.752464 8.410433 -1.534763 -4.887383 2.927592 -0.557544 -0.124554 1.609505 -0.758147 -1.624885 -3.979840 -0.903062 -3.785385 9.784613 -7.386973 7.305627 12.856420 2.382500 12.074098 -3.464324 -1.829142 13.295265 -12.881628 0.000077 -0.000023 0.000006 -0.002557 -0.062764 -0.003712 0.705507 -3.801544 -10.652072 -0.714653 3.667699 -10.643734 10.042907 -13.988077 6.228443 -28.297289 -22.824282 -54.635284 178.328918 -50.540630 -178.963898 4.548025 -3.946175 -1.503262 -5.882101 9.861279 0.702590 -10.936857 -0.360572 7.156196 0.000000 8.774814 -0.000001 -16.451481 17.687738 5.842959 -1.844031 2.498503 -2.507275 -10.163588 4.678941 4.621103 -20.975986 -0.000005 0.000001 -21.226246 2.451692 -3.593993 0.000000 -0.000007 -0.000000 -1.362680 2.240797 -0.746323 -21.334887 0.584909 3.008320 -13.821193 -0.000002 0.000002 -23.887121 -0.249076 -0.839481 -60.156212 2.575680 -1.537085 -0.294024 1.679686 0.833256 -14.218192 0.093214 1.300579 -34.211998 -0.287563 0.967170 -20.033176 0.964536 1.212842 0.000000 0.000002 0.000000 -3.440385 0.788233 0.501654 -15.928165 -3.167306 2.999704 -6.338813 -0.000001 0.000001 -18.123411 3.648179 -4.905660 -0.000004 -0.000001 -0.000001 1.789155 -2.618859 11.336563 51.951183 80.278175 3.594321 -179.298386 40.185318 -179.756821 -8.435765 -4.265767 -7.297967 2.243539 -5.255032 -3.180155 14.282877 -0.826593 6.952496 -0.000004 -12.690588 0.000002 15.879067 -17.315466 2.501794 1.665663 -1.955919 -2.878296 4.727795 -4.170583 4.993920 11.020513 0.000003 -0.000001 12.109028 -3.735709 -2.866779 0.000000 0.000000 -0.000000 1.291984 -1.928548 -1.498087 14.800109 0.567468 3.865604 14.242551 -1.341735 -6.660649 19.631937 0.143925 -0.648243 49.025887 -0.653460 -6.261037 0.353027 -1.511149 -0.031938 20.222769 3.684306 2.316629 18.787245 0.000005 0.000001 10.751609 -0.479868 1.397905 0.000000 -0.000001 0.000000 3.273806 0.305946 -0.580110 21.486790 11.830363 2.266131 8.162916 0.000003 0.000001 18.399052 -3.798980 -4.940566 0.000003 0.000000 -0.000001 13.961162 12.453575 -25.157166 -0.149948 -0.573946 23.997450 -16.206505 -1.635676 1.910216 1.629724 -1.874912 0.656677 0.000000 -0.000000 0.000002 -11.717669 -1.389301 -10.195623 0.105095 0.591547 23.665064 15.887791 0.014869 -15.040269 -1.424588 1.118619 0.191581 0.000000 0.000000 -0.000001 
10.020986 95.770386 8.393597 -1.500343 -4.861750 2.947686 -0.572213 -0.111546 1.599201 -0.749782 -1.643040 -3.986047 -0.876371 -3.756500 9.780535 -7.355410 7.244895 12.705127 2.417328 12.100628 -3.455079 -1.888195 13.317924 -12.879481 0.000077 -0.000021 0.000006 0.000678 -0.069214 -0.000793 0.711927 -3.813591 -10.656706 -0.712681 3.654283 -10.644744 10.117471 -14.052140 6.197200 -28.478109 -22.810881 -54.791420 178.399399 -50.501251 -178.997726 4.573498 -3.963886 -1.419050 -5.882101 9.861279 0.702591 -10.936859 -0.360574 7.156196 -0.000000 8.774814 -0.000001 -16.452444 17.685570 5.853740 -1.844031 2.498503 -2.507275 -10.163587 4.678941 4.621105 -20.975992 -0.000003 0.000001 -21.226248 2.451696 -3.593995 0.000000 -0.000007 -0.000000 -1.362681 2.240797 -0.746323 -21.334887 0.584911 3.008319 -13.821194 -0.000001 0.000002 -23.887125 -0.249077 -0.839483 -60.218338 2.594524 -1.522026 -0.294023 1.679687 0.833255 -14.218189 0.093215 1.300580 -34.211998 -0.287560 0.967167 -20.033176 0.964535 1.212840 0.000000 0.000002 0.000000 -3.440386 0.788233 0.501656 -15.928165 -3.167304 2.999703 -6.338814 -0.000002 0.000000 -18.123411 3.648178 -4.905662 -0.000004 -0.000001 -0.000002 1.781261 -2.614522 11.367546 52.196079 80.396484 3.685021 -179.284760 40.180496 -179.705521 -8.393313 -4.149000 -7.444493 2.243538 -5.255032 -3.180155 14.282875 -0.826591 6.952496 -0.000005 -12.690591 0.000001 15.903589 -17.314535 2.484809 1.665663 -1.955920 -2.878296 4.727793 -4.170583 4.993920 11.020509 0.000005 0.000000 12.109030 -3.735708 -2.866779 0.000000 0.000000 0.000000 1.291984 -1.928548 -1.498088 14.800109 0.567470 3.865603 14.242553 -1.341732 -6.660649 19.631939 0.143928 -0.648241 49.007141 -0.656829 -6.249312 0.353028 -1.511148 -0.031941 20.222765 3.684308 2.316628 18.787243 0.000007 0.000001 10.751607 -0.479866 1.397905 0.000000 0.000000 -0.000000 3.273805 0.305948 -0.580111 21.486788 11.830363 2.266131 8.162913 0.000003 0.000001 18.399050 -3.798979 -4.940564 0.000003 -0.000001 -0.000001 13.775990 12.467076 -25.242418 -0.158845 -0.579002 24.044374 -16.097889 -1.654404 1.845064 1.627224 -1.871868 0.641131 0.000000 -0.000000 0.000002 -11.875181 -1.408205 -10.073347 0.104737 0.590224 23.330950 15.983695 -0.010569 -14.884023 -1.425386 1.115410 0.161137 0.000000 0.000000 -0.000001 
10.171999 95.784393 8.416213 -1.472823 -4.862304 2.959665 -0.581039 -0.113960 1.592691 -0.746653 -1.640501 -3.986727 -0.854312 -3.736107 9.766183 -7.312339 7.191447 12.577470 2.445690 12.098508 -3.457319 -1.927839 13.346997 -12.897702 0.000077 -0.000023 0.000006 0.003086 -0.082126 0.002734 0.716946 -3.820697 -10.661807 -0.719121 3.657671 -10.648679 10.184398 -14.105281 6.151676 -28.652594 -22.771473 -54.882168 178.409561 -50.467476 -179.023743 4.563399 -3.947916 -1.316225 -5.882100 9.861278 0.702590 -10.936860 -0.360577 7.156198 0.000001 8.774815 0.000000 -16.459890 17.674595 5.846467 -1.844031 2.498502 -2.507276 -10.163589 4.678937 4.621102 -20.975996 -0.000006 0.000003 -21.226254 2.451691 -3.593992 0.000001 -0.000006 -0.000000 -1.362680 2.240796 -0.746323 -21.334887 0.584907 3.008321 -13.821197 -0.000004 0.000004 -23.887131 -0.249078 -0.839479 -60.187706 2.609191 -1.546513 -0.294025 1.679687 0.833256 -14.218192 0.093214 1.300580 -34.212002 -0.287567 0.967173 -20.033178 0.964533 1.212844 0.000000 0.000002 -0.000000 -3.440388 0.788232 0.501655 -15.928167 -3.167308 2.999704 -6.338817 -0.000002 0.000001 -18.123415 3.648175 -4.905659 -0.000003 -0.000001 -0.000003 1.776951 -2.616260 11.410636 52.646118 80.517136 3.987326 -179.295517 40.192600 -179.661453 -8.356545 -4.030374 -7.597558 2.243540 -5.255033 -3.180156 14.282879 -0.826595 6.952495 -0.000003 -12.690591 0.000001 15.921017 -17.300385 2.488061 1.665664 -1.955919 -2.878296 4.727794 -4.170584 4.993918 11.020512 0.000001 -0.000001 12.109034 -3.735711 -2.866780 0.000000 0.000000 -0.000000 1.291986 -1.928549 -1.498087 14.800117 0.567467 3.865602 14.242554 -1.341735 -6.660647 19.631941 0.143924 -0.648244 49.005146 -0.656388 -6.222006 0.353029 -1.511149 -0.031941 20.222769 3.684305 2.316627 18.787247 0.000004 -0.000001 10.751611 -0.479868 1.397903 0.000000 0.000000 -0.000000 3.273803 0.305946 -0.580109 21.486790 11.830364 2.266130 8.162918 0.000002 0.000000 18.399052 -3.798982 -4.940568 0.000003 -0.000001 -0.000001 13.635426 12.473290 -25.280926 -0.159195 -0.571460 24.099529 -15.999891 -1.675865 1.740671 1.627737 -1.868068 0.626729 0.000000 -0.000000 0.000002 -12.001964 -1.410973 -9.927122 0.102119 0.600677 23.009363 16.057768 -0.069992 -14.771898 -1.423972 1.112114 0.135236 -0.000000 -0.000000 -0.000001 
10.304897 95.815666 8.441289 -1.443045 -4.845433 2.970449 -0.602092 -0.109464 1.588285 -0.737956 -1.652397 -4.005489 -0.844047 -3.715451 9.756783 -7.266420 7.154742 12.486751 2.469562 12.102023 -3.461840 -1.954140 13.347289 -12.928132 0.000077 -0.000022 0.000006 0.001480 -0.075649 -0.000798 0.716617 -3.816810 -10.665037 -0.718168 3.650606 -10.649991 10.220886 -14.141240 6.134115 -28.801765 -22.778770 -54.938095 178.373825 -50.433556 -179.020096 4.529574 -3.918498 -1.202749 -5.882101 9.861279 0.702591 -10.936860 -0.360575 7.156196 -0.000001 8.774811 -0.000001 -16.436234 17.644590 5.842705 -1.844030 2.498503 -2.507275 -10.163590 4.678941 4.621105 -20.975994 -0.000005 0.000001 -21.226255 2.451692 -3.593994 0.000001 -0.000006 -0.000000 -1.362682 2.240796 -0.746322 -21.334894 0.584909 3.008320 -13.821197 -0.000002 0.000002 -23.887133 -0.249078 -0.839481 -60.174877 2.617338 -1.566895 -0.294024 1.679686 0.833254 -14.218194 0.093216 1.300581 -34.212013 -0.287565 0.967171 -20.033180 0.964538 1.212842 0.000000 0.000001 -0.000000 -3.440386 0.788233 0.501657 -15.928169 -3.167306 2.999703 -6.338817 -0.000002 0.000001 -18.123413 3.648175 -4.905661 -0.000004 -0.000002 -0.000002 1.780867 -2.611810 11.439400 53.080532 80.600914 4.175116 -179.371628 40.202511 -179.704941 -8.348031 -3.947708 -7.826729 2.243538 -5.255032 -3.180154 14.282878 -0.826595 6.952495 -0.000002 -12.690590 0.000001 15.951665 -17.292336 2.480126 1.665664 -1.955920 -2.878296 4.727796 -4.170583 4.993920 11.020513 0.000003 -0.000000 12.109031 -3.735709 -2.866778 0.000000 0.000000 -0.000000 1.291985 -1.928547 -1.498089 14.800111 0.567467 3.865603 14.242553 -1.341735 -6.660647 19.631939 0.143923 -0.648244 48.990906 -0.680432 -6.207942 0.353030 -1.511150 -0.031939 20.222767 3.684305 2.316628 18.787245 0.000004 -0.000000 10.751610 -0.479869 1.397904 -0.000000 0.000000 0.000000 3.273806 0.305946 -0.580110 21.486792 11.830361 2.266130 8.162916 0.000003 -0.000000 18.399054 -3.798980 -4.940567 0.000003 -0.000001 -0.000001 13.495201 12.510699 -25.318237 -0.163519 -0.573247 24.143789 -15.898912 -1.701825 1.739002 1.625070 -1.869674 0.602282 0.000000 -0.000000 0.000002 -12.120296 -1.424832 -9.788033 0.094416 0.595430 22.722771 16.148624 -0.101271 -14.589008 -1.424463 1.101901 0.113787 0.000000 0.000000 -0.000001 
10.359495 95.835182 8.486216 -1.411871 -4.821705 2.973217 -0.619761 -0.120857 1.573003 -0.735329 -1.648401 -4.013502 -0.839921 -3.706224 9.748680 -7.199818 7.125459 12.402912 2.474452 12.073811 -3.466153 -1.970237 13.356203 -12.939405 0.000077 -0.000022 0.000006 0.001401 -0.082265 0.006494 0.717358 -3.818516 -10.668745 -0.720938 3.650318 -10.649907 10.223010 -14.150805 6.110388 -28.900166 -22.787708 -54.927429 178.313095 -50.424740 -179.046310 4.487370 -3.896070 -1.042790 -5.882103 9.861279 0.702589 -10.936859 -0.360574 7.156198 0.000003 8.774815 0.000000 -16.387007 17.648037 5.845304 -1.844032 2.498503 -2.507276 -10.163590 4.678939 4.621104 -20.975992 -0.000004 0.000002 -21.226248 2.451691 -3.593992 0.000000 -0.000008 -0.000000 -1.362679 2.240796 -0.746323 -21.334892 0.584908 3.008321 -13.821197 -0.000004 0.000003 -23.887131 -0.249078 -0.839480 -60.107384 2.631968 -1.605979 -0.294024 1.679686 0.833256 -14.218189 0.093214 1.300580 -34.211998 -0.287563 0.967170 -20.033175 0.964535 1.212842 0.000000 0.000002 -0.000000 -3.440386 0.788233 0.501656 -15.928165 -3.167308 2.999704 -6.338813 -0.000002 0.000001 -18.123411 3.648178 -4.905660 -0.000004 -0.000003 -0.000002 1.771011 -2.598984 11.451984 53.500656 80.633293 4.415426 -179.392944 40.219070 -179.714005 -8.328972 -3.878048 -8.120735 2.243539 -5.255033 -3.180155 14.282878 -0.826594 6.952496 -0.000004 -12.690590 0.000000 15.945376 -17.306881 2.469974 1.665664 -1.955920 -2.878296 4.727796 -4.170584 4.993920 11.020513 0.000003 -0.000000 12.109033 -3.735712 -2.866779 -0.000001 -0.000000 -0.000000 1.291983 -1.928548 -1.498088 14.800114 0.567467 3.865604 14.242553 -1.341736 -6.660647 19.631939 0.143923 -0.648242 48.948956 -0.688581 -6.214998 0.353029 -1.511150 -0.031940 20.222769 3.684304 2.316629 18.787247 0.000003 0.000001 10.751611 -0.479870 1.397905 -0.000000 -0.000000 -0.000000 3.273806 0.305946 -0.580109 21.486797 11.830363 2.266133 8.162916 0.000001 0.000000 18.399054 -3.798982 -4.940568 0.000003 -0.000001 -0.000001 13.405087 12.558564 -25.280388 -0.157224 -0.566352 24.088873 -15.828461 -1.738233 1.722415 1.624220 -1.871108 0.583128 0.000000 -0.000000 0.000002 -12.195023 -1.462115 -9.654757 0.097558 0.589795 22.508524 16.174404 -0.126971 -14.517573 -1.423532 1.102539 0.072522 -0.000000 -0.000000 -0.000001 
10.416169 95.852020 8.534443 -1.380271 -4.806802 2.970831 -0.637702 -0.121934 1.546962 -0.738079 -1.643113 -4.028425 -0.846993 -3.703032 9.747008 -7.149936 7.092591 12.348341 2.466423 12.057384 -3.457053 -1.983174 13.344472 -12.980752 0.000077 -0.000023 0.000006 -0.000561 -0.069218 0.003016 0.712036 -3.803721 -10.671038 -0.720877 3.660064 -10.652809 10.213384 -14.165531 6.109437 -28.999353 -22.786045 -54.944687 178.281525 -50.396862 -179.045502 4.421611 -3.887798 -0.922623 -5.882100 9.861279 0.702589 -10.936857 -0.360576 7.156196 0.000002 8.774814 -0.000002 -16.380985 17.663109 5.872926 -1.844033 2.498502 -2.507276 -10.163589 4.678939 4.621100 -20.975992 -0.000005 -0.000000 -21.226250 2.451692 -3.593995 0.000000 -0.000007 -0.000000 -1.362681 2.240797 -0.746323 -21.334892 0.584908 3.008318 -13.821192 -0.000003 0.000001 -23.887129 -0.249080 -0.839484 -60.107861 2.661869 -1.601513 -0.294024 1.679687 0.833255 -14.218194 0.093213 1.300578 -34.212002 -0.287566 0.967167 -20.033176 0.964532 1.212841 -0.000000 0.000001 -0.000000 -3.440383 0.788233 0.501655 -15.928167 -3.167307 2.999700 -6.338817 -0.000002 0.000000 -18.123411 3.648177 -4.905664 -0.000004 -0.000000 -0.000002 1.760532 -2.599732 11.474274 53.761509 80.710960 4.485440 -179.446869 40.263695 -179.750031 -8.351299 -3.781146 -8.354987 2.243539 -5.255033 -3.180155 14.282878 -0.826593 6.952496 -0.000004 -12.690592 0.000000 15.948086 -17.330864 2.449179 1.665666 -1.955921 -2.878296 4.727796 -4.170583 4.993918 11.020509 0.000004 -0.000001 12.109031 -3.735709 -2.866779 0.000001 -0.000000 0.000000 1.291985 -1.928548 -1.498088 14.800113 0.567469 3.865604 14.242551 -1.341735 -6.660649 19.631939 0.143928 -0.648242 48.962051 -0.678070 -6.254479 0.353029 -1.511149 -0.031939 20.222767 3.684309 2.316628 18.787245 0.000005 0.000000 10.751610 -0.479868 1.397905 -0.000000 -0.000001 0.000000 3.273804 0.305948 -0.580109 21.486792 11.830365 2.266132 8.162917 0.000001 0.000000 18.399052 -3.798977 -4.940567 0.000003 0.000000 -0.000001 13.324786 12.587980 -25.275032 -0.163314 -0.570529 24.122673 -15.764064 -1.740656 1.705590 1.624979 -1.873790 0.595629 0.000000 -0.000000 0.000002 -12.275482 -1.485422 -9.551487 0.103956 0.582692 22.367153 16.185493 -0.151993 -14.436267 -1.423093 1.102877 0.064640 -0.000000 -0.000000 -0.000001 
10.452681 95.851593 8.582381 -1.354969 -4.786646 2.954638 -0.649206 -0.115766 1.522887 -0.735519 -1.651205 -4.041631 -0.863830 -3.720180 9.741283 -7.141359 7.073732 12.319338 2.469077 12.074684 -3.456959 -1.986145 13.336761 -13.014386 0.000077 -0.000023 0.000006 -0.001670 -0.069242 0.003357 0.709620 -3.801888 -10.683220 -0.720821 3.667881 -10.667478 10.203762 -14.189736 6.088057 -29.089859 -22.772144 -55.011948 178.347305 -50.372414 -179.129379 4.372603 -3.849604 -0.881210 -5.882102 9.861279 0.702590 -10.936860 -0.360575 7.156196 0.000001 8.774812 -0.000001 -16.406649 17.669661 5.871488 -1.844032 2.498502 -2.507274 -10.163593 4.678939 4.621103 -20.975994 -0.000004 0.000000 -21.226255 2.451691 -3.593995 0.000000 -0.000007 -0.000000 -1.362679 2.240797 -0.746322 -21.334887 0.584909 3.008319 -13.821197 -0.000003 0.000001 -23.887131 -0.249078 -0.839483 -60.093628 2.672399 -1.594025 -0.294025 1.679686 0.833254 -14.218195 0.093214 1.300579 -34.212006 -0.287564 0.967166 -20.033182 0.964535 1.212840 0.000000 0.000001 -0.000000 -3.440384 0.788233 0.501655 -15.928169 -3.167307 2.999703 -6.338818 -0.000001 0.000000 -18.123413 3.648177 -4.905662 -0.000004 -0.000001 -0.000002 1.754637 -2.628462 11.460190 54.295338 80.774963 4.891232 -179.471359 40.294586 -179.771423 -8.365748 -3.746406 -8.517195 2.243537 -5.255033 -3.180154 14.282877 -0.826594 6.952495 -0.000003 -12.690592 0.000000 15.965510 -17.356691 2.422374 1.665667 -1.955920 -2.878297 4.727794 -4.170584 4.993918 11.020511 0.000004 -0.000002 12.109032 -3.735710 -2.866781 0.000000 0.000000 -0.000000 1.291984 -1.928548 -1.498088 14.800111 0.567469 3.865602 14.242551 -1.341734 -6.660649 19.631939 0.143929 -0.648244 48.936485 -0.672832 -6.267563 0.353029 -1.511150 -0.031940 20.222767 3.684308 2.316627 18.787245 0.000007 -0.000001 10.751609 -0.479868 1.397904 0.000000 -0.000001 -0.000000 3.273804 0.305947 -0.580111 21.486790 11.830364 2.266131 8.162916 0.000002 -0.000000 18.399052 -3.798980 -4.940568 0.000003 -0.000001 -0.000001 13.269138 12.609390 -25.254488 -0.168903 -0.574917 24.156406 -15.726821 -1.769649 1.636185 1.625826 -1.873624 0.605895 0.000000 -0.000000 0.000002 -12.331503 -1.503047 -9.456566 0.103989 0.582251 22.280632 16.190252 -0.175614 -14.434278 -1.424178 1.103251 0.013883 -0.000000 -0.000000 -0.000001 
10.461445 95.843109 8.586724 -1.324752 -4.782503 2.926173 -0.666497 -0.102520 1.505326 -0.743952 -1.672219 -4.050547 -0.886638 -3.723734 9.744435 -7.136806 7.054103 12.304747 2.468884 12.110136 -3.472487 -1.974279 13.330533 -13.005740 0.000077 -0.000023 0.000005 0.000349 -0.075698 0.003036 0.712990 -3.817133 -10.691964 -0.718212 3.665865 -10.678175 10.191328 -14.179143 6.087368 -29.130783 -22.793789 -55.079403 178.300201 -50.349445 -179.127747 4.313603 -3.829473 -0.823976 -5.882101 9.861279 0.702589 -10.936856 -0.360574 7.156197 0.000001 8.774809 -0.000002 -16.372826 17.642195 5.884266 -1.844031 2.498503 -2.507275 -10.163589 4.678940 4.621104 -20.975994 -0.000004 -0.000000 -21.226250 2.451694 -3.593996 0.000000 -0.000006 -0.000000 -1.362681 2.240796 -0.746322 -21.334894 0.584909 3.008320 -13.821197 -0.000003 0.000001 -23.887129 -0.249079 -0.839484 -60.063389 2.670731 -1.571474 -0.294026 1.679686 0.833255 -14.218190 0.093215 1.300577 -34.212002 -0.287565 0.967167 -20.033176 0.964532 1.212841 0.000000 0.000001 -0.000000 -3.440384 0.788233 0.501653 -15.928167 -3.167306 2.999703 -6.338813 -0.000002 0.000000 -18.123413 3.648176 -4.905663 -0.000004 -0.000001 -0.000002 1.781528 -2.642727 11.461656 53.944855 80.888847 4.538073 -179.438278 40.317360 -179.765549 -8.423460 -3.737940 -8.578965 2.243541 -5.255033 -3.180155 14.282877 -0.826591 6.952495 -0.000004 -12.690593 -0.000000 15.965034 -17.371315 2.390754 1.665665 -1.955921 -2.878296 4.727792 -4.170584 4.993917 11.020509 0.000004 -0.000001 12.109030 -3.735710 -2.866781 0.000000 0.000000 -0.000000 1.291984 -1.928548 -1.498087 14.800111 0.567469 3.865603 14.242553 -1.341735 -6.660649 19.631939 0.143928 -0.648243 48.915154 -0.652202 -6.295640 0.353030 -1.511149 -0.031941 20.222767 3.684308 2.316627 18.787245 0.000008 -0.000000 10.751610 -0.479867 1.397904 -0.000000 -0.000001 -0.000000 3.273805 0.305947 -0.580110 21.486790 11.830364 2.266132 8.162914 0.000003 0.000000 18.399052 -3.798977 -4.940567 0.000003 0.000001 -0.000001 13.235414 12.626430 -25.248968 -0.179688 -0.577656 24.202229 -15.700063 -1.787362 1.621224 1.626104 -1.881426 0.611306 0.000000 -0.000000 0.000002 -12.367229 -1.468159 -9.448635 0.094320 0.577201 22.331295 16.156542 -0.185652 -14.470274 -1.424512 1.106745 -0.010120 -0.000000 -0.000000 -0.000001 
10.456376 95.826141 8.622829 -1.302768 -4.764299 2.883001 -0.688044 -0.105505 1.482720 -0.751129 -1.654719 -4.045418 -0.896915 -3.757427 9.727999 -7.143608 7.064586 12.314707 2.470236 12.111912 -3.462322 -1.960108 13.337379 -12.982125 0.000077 -0.000022 0.000006 0.002123 -0.082171 0.002814 0.712814 -3.819862 -10.694454 -0.717460 3.650233 -10.677703 10.168368 -14.182518 6.134607 -29.129955 -22.872221 -55.166981 178.299759 -50.293327 -179.114624 4.328784 -3.807081 -0.812208 -5.882099 9.861279 0.702591 -10.936855 -0.360576 7.156197 0.000001 8.774814 -0.000001 -16.339285 17.653175 5.905016 -1.844031 2.498503 -2.507277 -10.163588 4.678940 4.621103 -20.975996 -0.000006 0.000001 -21.226255 2.451693 -3.593995 0.000001 -0.000006 -0.000000 -1.362680 2.240798 -0.746323 -21.334892 0.584908 3.008320 -13.821197 -0.000003 0.000003 -23.887131 -0.249079 -0.839481 -60.047413 2.658877 -1.580893 -0.294024 1.679687 0.833254 -14.218192 0.093214 1.300579 -34.211998 -0.287565 0.967170 -20.033182 0.964534 1.212842 0.000001 0.000000 0.000000 -3.440384 0.788233 0.501656 -15.928167 -3.167307 2.999703 -6.338816 -0.000002 0.000001 -18.123413 3.648175 -4.905663 -0.000004 -0.000000 -0.000002 1.776158 -2.673616 11.489353 53.881210 81.005264 4.460633 -179.417206 40.324287 -179.730804 -8.445755 -3.753973 -8.608673 2.243539 -5.255032 -3.180155 14.282875 -0.826593 6.952496 -0.000004 -12.690590 -0.000000 15.979683 -17.420534 2.359800 1.665666 -1.955920 -2.878297 4.727790 -4.170582 4.993918 11.020511 0.000004 -0.000002 12.109033 -3.735708 -2.866780 0.000000 0.000000 -0.000000 1.291985 -1.928549 -1.498087 14.800113 0.567468 3.865600 14.242551 -1.341733 -6.660649 19.631939 0.143929 -0.648244 48.920761 -0.656676 -6.301542 0.353030 -1.511150 -0.031939 20.222765 3.684308 2.316627 18.787241 0.000007 -0.000000 10.751609 -0.479865 1.397904 0.000000 -0.000001 -0.000000 3.273805 0.305947 -0.580110 21.486788 11.830366 2.266131 8.162916 0.000002 -0.000000 18.399050 -3.798978 -4.940567 0.000003 0.000000 -0.000001 13.221543 12.630110 -25.220886 -0.178616 -0.576218 24.271282 -15.677729 -1.851776 1.551858 1.627389 -1.881508 0.611757 0.000000 -0.000000 0.000002 -12.388997 -1.464548 -9.398633 0.092373 0.587617 22.385899 16.136154 -0.234762 -14.550399 -1.424017 1.098674 -0.008578 -0.000000 -0.000000 -0.000001 
10.445964 95.802444 8.644334 -1.280481 -4.740771 2.845894 -0.702807 -0.111839 1.465558 -0.758561 -1.671624 -4.041966 -0.907415 -3.766785 9.720302 -7.163055 7.079439 12.310802 2.483729 12.114773 -3.457860 -1.941353 13.344557 -12.964647 0.000077 -0.000023 0.000005 0.003045 -0.095229 0.008539 0.714990 -3.841142 -10.696928 -0.714864 3.641673 -10.678048 10.137782 -14.176091 6.171748 -29.094162 -22.922623 -55.252422 178.311279 -50.247528 -179.145706 4.364419 -3.784489 -0.826467 -5.882097 9.861277 0.702592 -10.936858 -0.360575 7.156197 -0.000001 8.774811 -0.000001 -16.303045 17.663145 5.919270 -1.844030 2.498501 -2.507275 -10.163589 4.678939 4.621104 -20.975994 -0.000007 0.000003 -21.226250 2.451689 -3.593992 0.000000 -0.000007 -0.000000 -1.362681 2.240796 -0.746323 -21.334892 0.584908 3.008321 -13.821194 -0.000005 0.000001 -23.887129 -0.249080 -0.839481 -59.972595 2.665527 -1.576192 -0.294024 1.679687 0.833255 -14.218190 0.093213 1.300579 -34.211998 -0.287567 0.967170 -20.033175 0.964533 1.212842 0.000001 0.000003 0.000000 -3.440384 0.788232 0.501653 -15.928169 -3.167307 2.999703 -6.338815 -0.000002 0.000001 -18.123413 3.648176 -4.905661 -0.000004 -0.000001 -0.000002 1.776322 -2.707480 11.497991 53.659348 81.094833 4.217424 -179.419327 40.279533 -179.727371 -8.429998 -3.774276 -8.593808 2.243541 -5.255031 -3.180155 14.282875 -0.826594 6.952497 -0.000004 -12.690590 0.000002 15.998254 -17.440178 2.338604 1.665666 -1.955919 -2.878298 4.727795 -4.170583 4.993919 11.020513 0.000003 -0.000001 12.109034 -3.735708 -2.866779 0.000000 0.000000 -0.000000 1.291984 -1.928547 -1.498089 14.800114 0.567467 3.865603 14.242550 -1.341734 -6.660648 19.631939 0.143928 -0.648243 48.919937 -0.667369 -6.283660 0.353029 -1.511149 -0.031940 20.222769 3.684306 2.316628 18.787245 0.000004 0.000001 10.751610 -0.479869 1.397905 -0.000000 0.000000 0.000000 3.273806 0.305946 -0.580110 21.486790 11.830362 2.266129 8.162917 0.000001 -0.000000 18.399052 -3.798979 -4.940566 0.000003 0.000000 -0.000001 13.208605 12.624588 -25.210176 -0.181659 -0.585830 24.338051 -15.632952 -1.882948 1.472503 1.627609 -1.888078 0.611327 0.000000 -0.000000 0.000002 -12.407605 -1.429809 -9.387898 0.093509 0.588378 22.492195 16.118382 -0.305365 -14.660546 -1.423416 1.089726 0.006357 0.000000 0.000000 -0.000001 
10.403268 95.769882 8.687670 -1.263399 -4.695211 2.784447 -0.717775 -0.115711 1.476434 -0.764202 -1.676697 -4.037026 -0.913773 -3.786761 9.701250 -7.170995 7.108837 12.309884 2.494138 12.105156 -3.455217 -1.923480 13.349273 -12.920312 0.000077 -0.000023 0.000006 0.003850 -0.100179 0.006601 0.715398 -3.835894 -10.697172 -0.716253 3.639904 -10.678102 10.140811 -14.169131 6.199180 -29.088497 -22.992258 -55.341988 178.347778 -50.212921 -179.186401 4.406142 -3.786230 -0.750230 -5.882103 9.861278 0.702591 -10.936858 -0.360574 7.156197 -0.000003 8.774811 -0.000002 -16.293806 17.636829 5.924877 -1.844031 2.498502 -2.507275 -10.163588 4.678940 4.621106 -20.975992 -0.000003 0.000002 -21.226250 2.451693 -3.593993 0.000000 -0.000007 -0.000000 -1.362680 2.240796 -0.746323 -21.334887 0.584909 3.008320 -13.821193 -0.000002 0.000002 -23.887129 -0.249078 -0.839481 -59.953732 2.657212 -1.580025 -0.294026 1.679686 0.833255 -14.218192 0.093215 1.300580 -34.212006 -0.287562 0.967171 -20.033178 0.964536 1.212842 0.000000 0.000000 -0.000000 -3.440382 0.788234 0.501657 -15.928165 -3.167305 2.999703 -6.338815 -0.000001 0.000001 -18.123411 3.648175 -4.905661 -0.000004 -0.000000 -0.000002 1.745505 -2.734518 11.505658 53.304398 81.213867 3.771733 -179.490417 40.277740 -179.754395 -8.454721 -3.804801 -8.581472 2.243539 -5.255032 -3.180155 14.282878 -0.826595 6.952497 -0.000003 -12.690588 0.000001 16.011934 -17.466061 2.343460 1.665665 -1.955920 -2.878297 4.727796 -4.170583 4.993918 11.020509 0.000003 -0.000001 12.109031 -3.735710 -2.866778 0.000000 0.000000 -0.000000 1.291985 -1.928548 -1.498088 14.800111 0.567467 3.865603 14.242554 -1.341735 -6.660648 19.631941 0.143925 -0.648244 48.935268 -0.690375 -6.278829 0.353029 -1.511149 -0.031940 20.222769 3.684305 2.316629 18.787245 0.000004 -0.000000 10.751611 -0.479871 1.397904 -0.000000 0.000000 0.000000 3.273806 0.305947 -0.580111 21.486792 11.830361 2.266131 8.162916 0.000002 0.000001 18.399052 -3.798978 -4.940566 0.000003 -0.000001 -0.000001 13.152318 12.569555 -25.163876 -0.184666 -0.594251 24.392944 -15.557852 -1.898644 1.227732 1.628072 -1.897233 0.602174 -0.000000 -0.000000 0.000002 -12.400964 -1.374172 -9.348168 0.096377 0.580627 22.644228 16.098944 -0.345452 -14.831393 -1.422363 1.089822 0.019421 -0.000000 -0.000000 -0.000001 
10.407436 95.744141 8.685246 -1.260509 -4.652036 2.739187 -0.716615 -0.120554 1.480368 -0.771938 -1.660931 -4.035174 -0.912450 -3.808884 9.685937 -7.183039 7.113744 12.313104 2.493703 12.108142 -3.448879 -1.901846 13.346627 -12.876888 0.000077 -0.000022 0.000006 0.002684 -0.088706 0.012125 0.720078 -3.836509 -10.698973 -0.719573 3.644427 -10.672657 10.152332 -14.177194 6.232999 -29.083326 -23.055479 -55.430805 178.368057 -50.134281 -179.172867 4.423628 -3.801373 -0.804227 -5.882103 9.861277 0.702588 -10.936858 -0.360575 7.156196 0.000000 8.774812 -0.000002 -16.286785 17.641733 5.940643 -1.844030 2.498502 -2.507275 -10.163591 4.678940 4.621103 -20.975996 -0.000005 0.000000 -21.226255 2.451692 -3.593995 0.000000 -0.000006 -0.000000 -1.362680 2.240796 -0.746323 -21.334888 0.584908 3.008319 -13.821195 -0.000005 0.000002 -23.887129 -0.249078 -0.839482 -59.945034 2.643240 -1.570237 -0.294022 1.679686 0.833256 -14.218190 0.093215 1.300577 -34.212002 -0.287565 0.967168 -20.033178 0.964533 1.212840 0.000000 -0.000000 0.000000 -3.440389 0.788232 0.501654 -15.928164 -3.167305 2.999703 -6.338814 -0.000002 0.000001 -18.123411 3.648176 -4.905662 -0.000004 -0.000001 -0.000002 1.711516 -2.776322 11.474110 52.921566 81.244507 3.267549 -179.559647 40.240036 -179.846146 -8.477632 -3.865149 -8.572053 2.243540 -5.255033 -3.180154 14.282878 -0.826595 6.952497 -0.000002 -12.690587 0.000002 15.992921 -17.468218 2.335238 1.665664 -1.955919 -2.878296 4.727795 -4.170582 4.993918 11.020512 0.000002 -0.000001 12.109034 -3.735709 -2.866780 0.000001 0.000001 0.000000 1.291983 -1.928547 -1.498089 14.800113 0.567466 3.865603 14.242554 -1.341734 -6.660650 19.631939 0.143924 -0.648244 48.966568 -0.683403 -6.282653 0.353028 -1.511149 -0.031940 20.222771 3.684304 2.316627 18.787245 0.000004 -0.000001 10.751610 -0.479868 1.397903 -0.000001 -0.000000 -0.000000 3.273805 0.305947 -0.580110 21.486790 11.830359 2.266130 8.162916 0.000003 -0.000001 18.399052 -3.798978 -4.940568 0.000003 -0.000001 -0.000001 13.201752 12.530368 -25.172913 -0.190316 -0.598755 24.504784 -15.569190 -1.901530 1.206792 1.627746 -1.903713 0.596147 0.000000 -0.000000 0.000002 -12.407113 -1.344788 -9.327189 0.097380 0.571775 22.728495 16.112671 -0.375097 -14.924155 -1.422578 1.098746 0.031940 -0.000000 -0.000000 -0.000001 
10.404892 95.719078 8.714518 -1.265787 -4.624205 2.712819 -0.713517 -0.116861 1.475365 -0.772051 -1.673564 -4.042429 -0.916956 -3.839916 9.693164 -7.197917 7.118834 12.304183 2.491066 12.134396 -3.456602 -1.886879 13.358301 -12.866533 0.000077 -0.000021 0.000006 -0.000019 -0.075774 0.013963 0.717284 -3.806889 -10.691518 -0.723957 3.666592 -10.666408 10.185039 -14.167780 6.240889 -29.083590 -23.067959 -55.501648 178.384079 -50.065399 -179.170898 4.415112 -3.816207 -0.845682 -5.882101 9.861277 0.702589 -10.936862 -0.360576 7.156197 -0.000000 8.774810 -0.000003 -16.294329 17.636974 5.937272 -1.844030 2.498502 -2.507276 -10.163592 4.678938 4.621102 -20.975996 -0.000004 0.000002 -21.226257 2.451693 -3.593994 0.000000 -0.000007 -0.000000 -1.362681 2.240796 -0.746324 -21.334892 0.584908 3.008319 -13.821197 -0.000004 0.000001 -23.887133 -0.249079 -0.839481 -59.974323 2.644348 -1.570172 -0.294025 1.679686 0.833255 -14.218195 0.093215 1.300580 -34.212013 -0.287564 0.967171 -20.033180 0.964533 1.212842 0.000000 -0.000000 0.000000 -3.440383 0.788232 0.501655 -15.928173 -3.167307 2.999705 -6.338817 -0.000002 0.000001 -18.123415 3.648175 -4.905660 -0.000004 -0.000001 -0.000002 1.696097 -2.805128 11.450104 52.600063 81.337570 2.841464 -179.573303 40.231884 -179.885269 -8.464213 -3.929649 -8.590411 2.243541 -5.255033 -3.180154 14.282877 -0.826592 6.952495 -0.000003 -12.690587 -0.000001 15.934591 -17.464703 2.329777 1.665665 -1.955920 -2.878296 4.727796 -4.170582 4.993918 11.020513 0.000004 -0.000001 12.109033 -3.735708 -2.866780 0.000000 0.000001 -0.000000 1.291987 -1.928548 -1.498088 14.800111 0.567468 3.865603 14.242554 -1.341735 -6.660648 19.631941 0.143926 -0.648243 48.971451 -0.696625 -6.299466 0.353029 -1.511150 -0.031940 20.222771 3.684306 2.316628 18.787247 0.000006 0.000000 10.751611 -0.479868 1.397905 0.000000 0.000000 0.000000 3.273804 0.305947 -0.580110 21.486790 11.830360 2.266132 8.162918 0.000002 -0.000000 18.399052 -3.798978 -4.940566 0.000003 -0.000001 -0.000001 13.256792 12.520463 -25.195477 -0.203481 -0.603119 24.613644 -15.600141 -1.927832 1.184785 1.626963 -1.906876 0.574755 0.000000 -0.000000 0.000002 -12.401990 -1.293056 -9.303643 0.096798 0.554723 22.801863 16.125801 -0.394732 -15.022696 -1.423280 1.101846 0.017106 0.000000 0.000000 -0.000001 
10.423243 95.698723 8.701505 -1.277920 -4.583810 2.700597 -0.707448 -0.127817 1.462948 -0.777762 -1.673617 -4.040411 -0.916384 -3.885853 9.690542 -7.206022 7.116315 12.279018 2.493580 12.155147 -3.448749 -1.892154 13.400612 -12.872051 0.000077 -0.000021 0.000006 -0.003493 -0.062890 0.010778 0.714941 -3.800517 -10.689475 -0.725118 3.664587 -10.663030 10.227465 -14.169628 6.213064 -29.158222 -23.060562 -55.534874 178.380051 -49.991032 -179.136536 4.358919 -3.810246 -0.820631 -5.882099 9.861279 0.702589 -10.936858 -0.360573 7.156196 0.000001 8.774813 -0.000002 -16.377762 17.605780 5.890000 -1.844032 2.498503 -2.507278 -10.163589 4.678941 4.621102 -20.975998 -0.000004 -0.000001 -21.226254 2.451693 -3.593997 0.000000 -0.000006 -0.000001 -1.362682 2.240797 -0.746323 -21.334888 0.584909 3.008318 -13.821197 -0.000003 -0.000000 -23.887131 -0.249078 -0.839484 -60.020046 2.625750 -1.552302 -0.294024 1.679687 0.833254 -14.218194 0.093215 1.300578 -34.212002 -0.287564 0.967167 -20.033180 0.964534 1.212840 -0.000000 0.000000 0.000000 -3.440385 0.788233 0.501655 -15.928167 -3.167307 2.999703 -6.338819 -0.000001 0.000000 -18.123415 3.648178 -4.905664 -0.000004 -0.000000 -0.000002 1.705978 -2.828830 11.452543 52.029205 81.432404 2.272585 -179.531281 40.230396 -179.906540 -8.473284 -3.934401 -8.570730 2.243541 -5.255034 -3.180155 14.282877 -0.826593 6.952495 -0.000004 -12.690592 -0.000000 15.892890 -17.450987 2.330823 1.665663 -1.955921 -2.878297 4.727795 -4.170584 4.993918 11.020512 0.000004 -0.000002 12.109033 -3.735711 -2.866781 0.000000 -0.000000 0.000001 1.291982 -1.928548 -1.498087 14.800113 0.567468 3.865602 14.242550 -1.341736 -6.660648 19.631937 0.143927 -0.648243 49.011566 -0.697380 -6.314455 0.353027 -1.511150 -0.031941 20.222769 3.684308 2.316627 18.787247 0.000005 -0.000001 10.751609 -0.479868 1.397903 0.000000 -0.000000 0.000000 3.273804 0.305947 -0.580111 21.486794 11.830369 2.266131 8.162915 0.000002 0.000000 18.399052 -3.798978 -4.940569 0.000003 0.000000 -0.000001 13.302888 12.506469 -25.239609 -0.197919 -0.607823 24.695610 -15.640340 -1.971137 1.200791 1.627887 -1.898019 0.539109 0.000000 -0.000000 0.000002 -12.390853 -1.238766 -9.306860 0.091192 0.556888 22.845625 16.140100 -0.444689 -15.092345 -1.424101 1.109554 -0.008017 0.000000 0.000000 -0.000001 
10.429562 95.686928 8.683022 -1.284211 -4.568010 2.691913 -0.703297 -0.119010 1.457877 -0.777948 -1.704979 -4.038842 -0.924579 -3.909279 9.690358 -7.196615 7.099397 12.245999 2.491564 12.193485 -3.458712 -1.886164 13.466854 -12.894443 0.000077 -0.000021 0.000006 -0.001329 -0.082350 0.014600 0.718302 -3.818830 -10.690305 -0.725013 3.653641 -10.664365 10.258489 -14.177177 6.182896 -29.271498 -23.033596 -55.541889 178.353409 -49.878860 -179.098328 4.244998 -3.792748 -0.787506 -5.882102 9.861276 0.702589 -10.936856 -0.360575 7.156196 -0.000000 8.774809 -0.000003 -16.411238 17.601952 5.871116 -1.844033 2.498502 -2.507275 -10.163588 4.678939 4.621102 -20.975992 -0.000005 -0.000000 -21.226250 2.451690 -3.593994 0.000000 -0.000007 -0.000000 -1.362684 2.240795 -0.746322 -21.334887 0.584909 3.008320 -13.821191 -0.000003 0.000001 -23.887125 -0.249079 -0.839482 -60.041008 2.637547 -1.549894 -0.294023 1.679686 0.833255 -14.218190 0.093214 1.300579 -34.211998 -0.287564 0.967166 -20.033180 0.964534 1.212840 -0.000000 0.000001 0.000000 -3.440385 0.788233 0.501654 -15.928165 -3.167305 2.999702 -6.338812 -0.000001 0.000001 -18.123413 3.648177 -4.905661 -0.000004 -0.000000 -0.000002 1.748564 -2.840344 11.449370 51.540207 81.512947 1.766673 -179.508224 40.218834 -179.940308 -8.458356 -3.956097 -8.561666 2.243538 -5.255032 -3.180154 14.282875 -0.826594 6.952497 -0.000003 -12.690590 0.000001 15.860904 -17.455244 2.319143 1.665665 -1.955920 -2.878297 4.727792 -4.170583 4.993919 11.020509 0.000003 -0.000001 12.109030 -3.735711 -2.866779 0.000001 0.000000 0.000000 1.291985 -1.928548 -1.498087 14.800107 0.567468 3.865604 14.242553 -1.341734 -6.660648 19.631939 0.143925 -0.648243 49.032787 -0.679588 -6.322184 0.353028 -1.511150 -0.031940 20.222771 3.684307 2.316629 18.787241 0.000003 0.000001 10.751610 -0.479868 1.397904 -0.000000 0.000000 0.000000 3.273802 0.305947 -0.580109 21.486788 11.830362 2.266131 8.162916 0.000001 0.000002 18.399052 -3.798980 -4.940565 0.000003 -0.000001 -0.000001 13.247874 12.498809 -25.283253 -0.193372 -0.613617 24.741312 -15.569115 -2.012985 1.114303 1.629755 -1.889299 0.527976 0.000000 0.000000 0.000002 -12.428895 -1.169409 -9.338996 0.089212 0.561464 22.888447 16.208652 -0.458759 -15.060760 -1.426546 1.123203 -0.008876 0.000000 0.000000 -0.000001 
10.410062 95.671150 8.672692 -1.293686 -4.581801 2.690696 -0.696975 -0.122465 1.449364 -0.780237 -1.699495 -4.021207 -0.925749 -3.937191 9.688733 -7.180691 7.083946 12.163470 2.509149 12.213060 -3.460025 -1.877953 13.530076 -12.906951 0.000077 -0.000021 0.000006 -0.001387 -0.093982 0.009220 0.722456 -3.829348 -10.685316 -0.726749 3.640858 -10.661325 10.287281 -14.189900 6.161054 -29.372673 -22.999048 -55.552502 178.366226 -49.804085 -179.113159 4.122592 -3.784968 -0.675861 -5.882102 9.861280 0.702590 -10.936858 -0.360574 7.156196 -0.000001 8.774814 -0.000003 -16.399748 17.639332 5.878358 -1.844032 2.498503 -2.507276 -10.163589 4.678939 4.621103 -20.975992 -0.000005 0.000001 -21.226244 2.451692 -3.593995 0.000000 -0.000006 -0.000000 -1.362681 2.240797 -0.746323 -21.334887 0.584909 3.008320 -13.821194 -0.000002 0.000001 -23.887121 -0.249078 -0.839482 -60.030285 2.658620 -1.546452 -0.294023 1.679686 0.833254 -14.218189 0.093214 1.300578 -34.211990 -0.287565 0.967169 -20.033173 0.964534 1.212841 0.000001 -0.000000 0.000000 -3.440387 0.788232 0.501655 -15.928163 -3.167306 2.999703 -6.338813 -0.000002 0.000001 -18.123411 3.648179 -4.905662 -0.000004 -0.000000 -0.000002 1.791761 -2.838398 11.445678 50.992794 81.526520 1.249486 -179.458618 40.145489 -179.932343 -8.433887 -3.923741 -8.553897 2.243539 -5.255033 -3.180154 14.282877 -0.826593 6.952496 -0.000002 -12.690587 0.000000 15.925396 -17.444902 2.291895 1.665664 -1.955920 -2.878298 4.727794 -4.170582 4.993917 11.020513 0.000003 -0.000001 12.109030 -3.735710 -2.866779 0.000000 0.000000 0.000000 1.291984 -1.928548 -1.498088 14.800114 0.567467 3.865604 14.242551 -1.341735 -6.660648 19.631939 0.143925 -0.648243 49.072395 -0.675929 -6.347530 0.353030 -1.511149 -0.031940 20.222773 3.684304 2.316628 18.787245 0.000005 0.000000 10.751610 -0.479868 1.397904 0.000000 0.000000 0.000000 3.273803 0.305947 -0.580110 21.486790 11.830361 2.266131 8.162916 -0.000001 0.000000 18.399052 -3.798979 -4.940567 0.000002 -0.000001 -0.000001 13.268453 12.501694 -25.271597 -0.184668 -0.621712 24.719172 -15.548645 -2.015663 1.060782 1.630866 -1.879057 0.485318 -0.000000 -0.000000 0.000002 -12.371929 -1.111053 -9.366261 0.091429 0.574115 22.927040 16.182610 -0.475280 -15.191463 -1.428752 1.123103 0.003555 0.000000 0.000000 -0.000001 
10.390553 95.663467 8.638880 -1.283482 -4.610134 2.681846 -0.698758 -0.113847 1.450725 -0.780756 -1.721257 -4.013427 -0.939893 -3.956045 9.691906 -7.149158 7.077450 12.090703 2.533518 12.224915 -3.446179 -1.877420 13.576428 -12.915509 0.000077 -0.000021 0.000005 0.001858 -0.113353 0.007474 0.726006 -3.847237 -10.697296 -0.723546 3.619644 -10.670816 10.321509 -14.197281 6.154655 -29.486372 -22.951513 -55.500298 178.269821 -49.715031 -179.051208 4.026475 -3.768755 -0.541225 -5.882099 9.861278 0.702589 -10.936859 -0.360574 7.156197 0.000000 8.774814 -0.000001 -16.350483 17.647226 5.900223 -1.844031 2.498501 -2.507276 -10.163590 4.678939 4.621105 -20.975994 -0.000006 0.000003 -21.226250 2.451692 -3.593991 0.000000 -0.000007 -0.000000 -1.362679 2.240795 -0.746322 -21.334894 0.584908 3.008323 -13.821197 -0.000002 0.000003 -23.887133 -0.249077 -0.839479 -60.015839 2.655328 -1.530568 -0.294027 1.679685 0.833255 -14.218194 0.093214 1.300582 -34.212006 -0.287564 0.967173 -20.033178 0.964538 1.212843 0.000000 -0.000000 0.000000 -3.440384 0.788232 0.501656 -15.928167 -3.167307 2.999705 -6.338815 -0.000002 0.000004 -18.123415 3.648175 -4.905659 -0.000004 -0.000001 -0.000002 1.819266 -2.843225 11.440790 50.147442 81.596031 0.418001 -179.420166 40.131668 -179.928101 -8.469745 -3.903883 -8.521746 2.243539 -5.255032 -3.180156 14.282875 -0.826593 6.952495 -0.000002 -12.690588 0.000001 16.001429 -17.422989 2.288615 1.665665 -1.955919 -2.878298 4.727792 -4.170583 4.993918 11.020510 0.000003 -0.000000 12.109032 -3.735709 -2.866779 0.000001 0.000000 0.000001 1.291985 -1.928547 -1.498087 14.800111 0.567470 3.865602 14.242553 -1.341734 -6.660648 19.631939 0.143926 -0.648243 49.105118 -0.671164 -6.341707 0.353028 -1.511149 -0.031939 20.222769 3.684307 2.316628 18.787245 0.000006 0.000000 10.751610 -0.479867 1.397904 0.000000 -0.000001 -0.000000 3.273805 0.305947 -0.580109 21.486792 11.830364 2.266131 8.162917 0.000003 -0.000000 18.399055 -3.798979 -4.940566 0.000003 -0.000001 -0.000001 13.280062 12.479085 -25.257544 -0.182491 -0.619916 24.687914 -15.528461 -1.977504 1.070425 1.632727 -1.874174 0.476267 -0.000000 -0.000000 0.000002 -12.340348 -1.064544 -9.416971 0.086342 0.584068 23.013205 16.151333 -0.462852 -15.272055 -1.428750 1.124934 0.012810 0.000000 0.000000 -0.000001 
10.386509 95.664101 8.609596 -1.274576 -4.629514 2.688710 -0.697693 -0.119383 1.441917 -0.784586 -1.731464 -4.008800 -0.948994 -3.973491 9.688809 -7.130734 7.087484 12.044741 2.568227 12.237851 -3.462265 -1.866973 13.617164 -12.929635 0.000077 -0.000023 0.000006 0.004874 -0.124948 0.004664 0.727140 -3.861906 -10.704028 -0.721136 3.604775 -10.676144 10.372038 -14.201435 6.143210 -29.630545 -22.918194 -55.422199 178.224365 -49.633011 -179.057831 3.975752 -3.763688 -0.454853 -5.882102 9.861278 0.702591 -10.936858 -0.360575 7.156197 -0.000000 8.774812 -0.000000 -16.298275 17.676571 5.925228 -1.844030 2.498502 -2.507277 -10.163588 4.678938 4.621104 -20.975994 -0.000005 0.000002 -21.226250 2.451690 -3.593993 0.000000 -0.000007 -0.000000 -1.362682 2.240796 -0.746323 -21.334892 0.584908 3.008321 -13.821197 -0.000004 0.000003 -23.887133 -0.249080 -0.839480 -59.976994 2.663983 -1.555318 -0.294023 1.679686 0.833255 -14.218194 0.093212 1.300580 -34.212006 -0.287567 0.967171 -20.033178 0.964533 1.212842 0.000000 0.000001 0.000000 -3.440387 0.788232 0.501655 -15.928171 -3.167307 2.999703 -6.338815 -0.000001 0.000000 -18.123411 3.648175 -4.905660 -0.000004 -0.000000 -0.000003 1.844459 -2.841981 11.398644 49.662781 81.574654 -0.036605 -179.378586 40.106537 -179.868286 -8.476716 -3.925751 -8.546289 2.243539 -5.255032 -3.180155 14.282875 -0.826592 6.952495 -0.000004 -12.690588 0.000000 16.045650 -17.435678 2.286066 1.665664 -1.955919 -2.878298 4.727795 -4.170582 4.993919 11.020513 0.000004 -0.000002 12.109030 -3.735708 -2.866780 0.000000 0.000001 0.000001 1.291984 -1.928547 -1.498088 14.800114 0.567469 3.865602 14.242553 -1.341735 -6.660649 19.631939 0.143927 -0.648244 49.115860 -0.696919 -6.357287 0.353027 -1.511150 -0.031940 20.222767 3.684308 2.316628 18.787245 0.000007 0.000000 10.751608 -0.479866 1.397905 -0.000000 0.000000 0.000000 3.273802 0.305947 -0.580110 21.486790 11.830361 2.266131 8.162916 0.000002 0.000001 18.399050 -3.798978 -4.940567 0.000003 0.000000 -0.000001 13.275533 12.465966 -25.271601 -0.186789 -0.630263 24.674669 -15.489364 -1.930012 1.099994 1.636150 -1.884740 0.460218 -0.000000 -0.000000 0.000002 -12.310744 -1.016015 -9.463817 0.081055 0.591464 23.075706 16.106287 -0.476332 -15.321106 -1.427588 1.112032 0.020343 0.000000 0.000000 -0.000001 
10.369977 95.658516 8.551231 -1.261733 -4.673521 2.692180 -0.694389 -0.125915 1.444490 -0.791957 -1.741923 -4.008851 -0.956361 -3.970645 9.686836 -7.094737 7.074156 11.989558 2.586735 12.273025 -3.458622 -1.849694 13.653761 -12.933567 0.000077 -0.000022 0.000005 0.003499 -0.119794 -0.000315 0.724109 -3.857817 -10.707767 -0.721324 3.610306 -10.676067 10.453963 -14.177984 6.105294 -29.758825 -22.956852 -55.349659 178.193222 -49.604805 -179.025650 3.931409 -3.784990 -0.477007 -5.882100 9.861279 0.702589 -10.936858 -0.360575 7.156198 -0.000001 8.774813 -0.000002 -16.269981 17.649698 5.926941 -1.844030 2.498503 -2.507274 -10.163585 4.678940 4.621103 -20.975994 -0.000004 0.000001 -21.226250 2.451692 -3.593994 0.000000 -0.000006 -0.000000 -1.362679 2.240796 -0.746323 -21.334887 0.584909 3.008319 -13.821192 -0.000002 0.000001 -23.887125 -0.249079 -0.839482 -60.001980 2.652355 -1.577569 -0.294024 1.679686 0.833255 -14.218189 0.093215 1.300578 -34.211998 -0.287561 0.967170 -20.033175 0.964536 1.212842 0.000000 0.000001 0.000000 -3.440386 0.788233 0.501656 -15.928164 -3.167306 2.999702 -6.338817 -0.000002 0.000000 -18.123411 3.648178 -4.905662 -0.000004 -0.000001 -0.000002 1.836329 -2.882606 11.320415 49.519352 81.560867 -0.157435 -179.323166 40.109661 -179.835312 -8.523732 -3.908863 -8.533579 2.243539 -5.255033 -3.180155 14.282873 -0.826593 6.952497 -0.000004 -12.690590 0.000001 16.069023 -17.449060 2.304987 1.665663 -1.955919 -2.878296 4.727793 -4.170582 4.993919 11.020511 0.000002 -0.000001 12.109033 -3.735710 -2.866780 0.000000 0.000000 0.000000 1.291983 -1.928548 -1.498088 14.800113 0.567468 3.865605 14.242553 -1.341734 -6.660649 19.631937 0.143927 -0.648242 49.114574 -0.717066 -6.357044 0.353029 -1.511149 -0.031941 20.222769 3.684306 2.316630 18.787247 0.000004 0.000001 10.751610 -0.479867 1.397905 -0.000000 -0.000001 0.000000 3.273806 0.305946 -0.580111 21.486792 11.830363 2.266134 8.162916 0.000002 0.000001 18.399052 -3.798979 -4.940567 0.000003 0.000000 -0.000001 13.278064 12.460958 -25.271318 -0.188104 -0.633943 24.620016 -15.489882 -1.877804 1.139021 1.638662 -1.893222 0.461005 -0.000000 0.000000 0.000002 -12.290874 -0.991307 -9.526593 0.086382 0.595706 23.145603 16.056463 -0.466205 -15.390377 -1.426527 1.098094 0.019038 0.000000 0.000000 -0.000001 
10.404232 95.655045 8.480322 -1.243941 -4.712395 2.695379 -0.695170 -0.122407 1.461614 -0.802318 -1.756219 -4.011973 -0.959772 -3.987153 9.687111 -7.043258 7.055312 11.969719 2.583442 12.314399 -3.446138 -1.825951 13.666703 -12.940767 0.000077 -0.000023 0.000005 0.003833 -0.131441 -0.005713 0.725442 -3.874662 -10.714972 -0.719957 3.606151 -10.677857 10.542321 -14.177418 6.076319 -29.865128 -22.946924 -55.282413 178.124756 -49.556278 -178.957169 3.935204 -3.798805 -0.530838 -5.882102 9.861278 0.702592 -10.936861 -0.360573 7.156198 -0.000001 8.774813 -0.000000 -16.307915 17.636600 5.939167 -1.844033 2.498502 -2.507274 -10.163590 4.678941 4.621104 -20.975994 -0.000003 0.000001 -21.226255 2.451693 -3.593995 0.000000 -0.000006 -0.000000 -1.362680 2.240797 -0.746322 -21.334890 0.584908 3.008318 -13.821195 -0.000003 0.000001 -23.887129 -0.249080 -0.839482 -60.059887 2.629893 -1.593879 -0.294025 1.679686 0.833255 -14.218194 0.093215 1.300578 -34.212002 -0.287563 0.967168 -20.033180 0.964535 1.212841 0.000000 0.000001 0.000000 -3.440386 0.788232 0.501656 -15.928169 -3.167305 2.999703 -6.338816 -0.000002 0.000001 -18.123415 3.648176 -4.905661 -0.000004 -0.000001 -0.000003 1.812355 -2.926668 11.232507 49.386662 81.572258 -0.272872 -179.254883 40.136909 -179.840332 -8.554588 -3.906401 -8.565081 2.243540 -5.255034 -3.180156 14.282877 -0.826594 6.952498 -0.000001 -12.690592 0.000000 16.044907 -17.414778 2.309978 1.665665 -1.955920 -2.878297 4.727795 -4.170585 4.993919 11.020511 0.000003 -0.000001 12.109031 -3.735710 -2.866780 0.000001 0.000000 0.000001 1.291985 -1.928548 -1.498088 14.800113 0.567468 3.865606 14.242553 -1.341735 -6.660650 19.631937 0.143928 -0.648241 49.103222 -0.716127 -6.338937 0.353029 -1.511149 -0.031941 20.222769 3.684307 2.316629 18.787245 0.000004 0.000000 10.751610 -0.479868 1.397904 0.000000 -0.000002 -0.000000 3.273806 0.305946 -0.580110 21.486792 11.830369 2.266134 8.162917 0.000002 0.000001 18.399048 -3.798980 -4.940567 0.000003 -0.000001 -0.000001 13.235061 12.461229 -25.327946 -0.185081 -0.636281 24.646788 -15.470551 -1.854168 1.184900 1.639493 -1.902131 0.470305 -0.000000 -0.000000 0.000002 -12.382080 -0.970244 -9.671958 0.084518 0.594625 23.207102 16.099760 -0.425837 -15.268435 -1.424204 1.094504 0.018605 -0.000000 0.000000 -0.000001 
10.385201 95.635361 8.415995 -1.226343 -4.742529 2.697606 -0.691657 -0.125952 1.472983 -0.812729 -1.763300 -4.011701 -0.962692 -4.005547 9.694184 -7.002033 7.022003 11.938743 2.587023 12.357340 -3.436364 -1.825195 13.672978 -12.937861 0.000077 -0.000022 0.000006 0.001318 -0.126439 0.001862 0.722372 -3.859987 -10.711599 -0.722859 3.610428 -10.675980 10.623948 -14.177449 6.057525 -29.895531 -23.000513 -55.365494 178.152802 -49.543102 -178.944824 3.908146 -3.801339 -0.583945 -5.882103 9.861277 0.702589 -10.936860 -0.360575 7.156198 0.000000 8.774813 -0.000001 -16.318913 17.637930 5.963955 -1.844030 2.498502 -2.507275 -10.163589 4.678938 4.621102 -20.975998 -0.000006 0.000002 -21.226255 2.451690 -3.593992 0.000000 -0.000007 -0.000000 -1.362682 2.240796 -0.746321 -21.334890 0.584908 3.008321 -13.821197 -0.000004 0.000002 -23.887129 -0.249079 -0.839480 -60.075733 2.632130 -1.580022 -0.294024 1.679687 0.833255 -14.218194 0.093213 1.300580 -34.212013 -0.287566 0.967172 -20.033180 0.964534 1.212843 0.000000 0.000001 -0.000000 -3.440385 0.788232 0.501655 -15.928169 -3.167307 2.999704 -6.338817 -0.000003 0.000001 -18.123413 3.648175 -4.905661 -0.000004 -0.000001 -0.000003 1.785054 -2.991277 11.170736 49.096691 81.625061 -0.647711 -179.236786 40.186623 -179.851669 -8.568924 -3.917753 -8.645927 2.243539 -5.255031 -3.180155 14.282875 -0.826594 6.952495 -0.000003 -12.690588 0.000002 15.998141 -17.402624 2.308945 1.665665 -1.955920 -2.878296 4.727795 -4.170584 4.993918 11.020509 0.000003 -0.000002 12.109032 -3.735709 -2.866779 0.000001 0.000000 0.000001 1.291984 -1.928547 -1.498089 14.800111 0.567466 3.865603 14.242551 -1.341735 -6.660649 19.631939 0.143927 -0.648244 49.106464 -0.711290 -6.337129 0.353028 -1.511149 -0.031940 20.222769 3.684305 2.316628 18.787243 0.000004 -0.000000 10.751609 -0.479870 1.397904 -0.000000 -0.000001 0.000000 3.273804 0.305947 -0.580110 21.486788 11.830360 2.266130 8.162915 0.000003 0.000000 18.399048 -3.798980 -4.940566 0.000003 0.000000 -0.000001 13.227940 12.464675 -25.357134 -0.179276 -0.635525 24.630852 -15.513364 -1.863165 1.204564 1.641178 -1.902444 0.476087 0.000000 -0.000000 0.000002 -12.390296 -0.964057 -9.793809 0.089375 0.593360 23.341919 16.067865 -0.392967 -15.341422 -1.421931 1.094663 0.023270 -0.000000 0.000000 -0.000001 
10.373357 95.630470 8.380403 -1.215284 -4.778309 2.703107 -0.693746 -0.129478 1.483592 -0.815286 -1.770199 -4.007816 -0.965739 -4.018133 9.690241 -6.972136 7.003281 11.901096 2.595269 12.396190 -3.422292 -1.823676 13.676039 -12.958442 0.000077 -0.000023 0.000006 0.000662 -0.126579 0.007366 0.721979 -3.867584 -10.704417 -0.722485 3.607864 -10.671276 10.681116 -14.187165 6.045475 -29.919905 -23.031870 -55.466377 178.179520 -49.484795 -178.893097 3.884727 -3.765527 -0.733451 -5.882101 9.861279 0.702589 -10.936858 -0.360575 7.156196 -0.000001 8.774811 -0.000002 -16.344133 17.622530 5.963265 -1.844031 2.498503 -2.507276 -10.163589 4.678939 4.621104 -20.975994 -0.000003 0.000002 -21.226250 2.451693 -3.593993 0.000000 -0.000007 -0.000000 -1.362682 2.240796 -0.746323 -21.334892 0.584909 3.008320 -13.821197 -0.000004 0.000002 -23.887131 -0.249076 -0.839481 -60.063675 2.605457 -1.567120 -0.294025 1.679685 0.833256 -14.218192 0.093215 1.300579 -34.212006 -0.287561 0.967169 -20.033178 0.964534 1.212842 -0.000000 0.000000 0.000000 -3.440386 0.788233 0.501653 -15.928164 -3.167305 2.999704 -6.338817 -0.000001 0.000001 -18.123413 3.648175 -4.905659 -0.000004 -0.000002 -0.000003 1.749811 -3.037252 11.128658 48.842289 81.660820 -0.995811 -179.271896 40.198223 -179.880981 -8.577138 -3.912802 -8.710138 2.243540 -5.255033 -3.180156 14.282878 -0.826594 6.952496 -0.000003 -12.690588 -0.000000 15.940097 -17.371870 2.285847 1.665666 -1.955920 -2.878298 4.727794 -4.170583 4.993917 11.020511 0.000003 -0.000001 12.109033 -3.735710 -2.866780 0.000000 0.000000 -0.000000 1.291983 -1.928548 -1.498089 14.800114 0.567467 3.865604 14.242553 -1.341736 -6.660648 19.631937 0.143924 -0.648245 49.048687 -0.691747 -6.342182 0.353031 -1.511149 -0.031940 20.222767 3.684305 2.316627 18.787247 0.000005 -0.000002 10.751610 -0.479868 1.397903 0.000000 -0.000001 -0.000000 3.273803 0.305947 -0.580109 21.486788 11.830361 2.266130 8.162915 0.000002 0.000001 18.399054 -3.798978 -4.940568 0.000003 -0.000001 -0.000001 13.227471 12.496331 -25.365705 -0.189546 -0.635780 24.613073 -15.550646 -1.886928 1.240597 1.640827 -1.902389 0.470598 0.000000 -0.000000 0.000002 -12.396511 -0.926334 -9.881775 0.090887 0.582692 23.436380 16.072811 -0.358346 -15.354374 -1.423221 1.101871 0.042498 0.000000 0.000000 -0.000001 
10.353740 95.622375 8.405806 -1.202422 -4.803075 2.706335 -0.699749 -0.148882 1.488734 -0.812206 -1.772989 -3.997533 -0.969173 -4.035094 9.701396 -6.943851 6.986645 11.873884 2.593777 12.432724 -3.423198 -1.815755 13.682364 -12.982551 0.000077 -0.000022 0.000006 -0.003401 -0.120146 0.002725 0.718515 -3.858940 -10.697515 -0.725474 3.612441 -10.664628 10.711926 -14.187469 6.052104 -29.909090 -23.064421 -55.685200 178.294189 -49.410072 -178.945648 3.840222 -3.716446 -0.898990 -5.882100 9.861278 0.702588 -10.936858 -0.360575 7.156196 -0.000002 8.774812 -0.000001 -16.380035 17.623610 5.946243 -1.844029 2.498503 -2.507275 -10.163589 4.678939 4.621104 -20.975992 -0.000004 0.000000 -21.226254 2.451692 -3.593994 0.000000 -0.000007 -0.000000 -1.362677 2.240797 -0.746322 -21.334892 0.584908 3.008321 -13.821197 -0.000002 0.000002 -23.887129 -0.249078 -0.839482 -60.021034 2.596661 -1.574089 -0.294024 1.679686 0.833256 -14.218190 0.093214 1.300579 -34.211998 -0.287563 0.967170 -20.033176 0.964537 1.212841 0.000000 0.000000 -0.000000 -3.440384 0.788232 0.501654 -15.928167 -3.167305 2.999705 -6.338816 -0.000002 0.000001 -18.123413 3.648177 -4.905662 -0.000004 -0.000001 -0.000003 1.730773 -3.070529 11.107051 48.479744 81.688553 -1.394810 -179.239517 40.202324 -179.864075 -8.583080 -3.902845 -8.734872 2.243540 -5.255033 -3.180155 14.282875 -0.826592 6.952497 -0.000003 -12.690587 -0.000001 15.937784 -17.384737 2.264003 1.665665 -1.955919 -2.878296 4.727794 -4.170583 4.993918 11.020511 0.000004 -0.000001 12.109034 -3.735709 -2.866779 0.000000 0.000001 0.000000 1.291983 -1.928548 -1.498087 14.800113 0.567470 3.865604 14.242553 -1.341734 -6.660648 19.631939 0.143927 -0.648242 49.058880 -0.682030 -6.363090 0.353029 -1.511149 -0.031941 20.222767 3.684308 2.316629 18.787247 0.000007 0.000001 10.751610 -0.479868 1.397905 0.000000 -0.000001 -0.000000 3.273807 0.305947 -0.580110 21.486794 11.830363 2.266132 8.162916 0.000003 0.000001 18.399052 -3.798979 -4.940566 0.000003 0.000000 -0.000001 13.233322 12.520333 -25.331209 -0.190852 -0.622419 24.593107 -15.577101 -1.935974 1.194777 1.639554 -1.900818 0.470039 0.000000 -0.000000 0.000002 -12.401818 -0.869326 -9.903677 0.097780 0.578883 23.494350 16.088202 -0.377347 -15.412973 -1.422044 1.112718 0.068300 0.000000 0.000000 -0.000001 
10.341918 95.630600 8.422764 -1.192114 -4.833599 2.711801 -0.703291 -0.147729 1.499763 -0.803631 -1.798061 -3.990605 -0.969995 -4.025039 9.718860 -6.908532 6.956563 11.834590 2.595155 12.439198 -3.407192 -1.819384 13.673211 -13.036096 0.000077 -0.000021 0.000006 -0.002848 -0.115228 0.011119 0.714290 -3.850725 -10.689527 -0.721920 3.610200 -10.658628 10.714153 -14.203022 6.046036 -29.866825 -23.088053 -55.812412 178.339798 -49.327282 -178.990494 3.818502 -3.646739 -0.974856 -5.882100 9.861278 0.702589 -10.936858 -0.360575 7.156196 -0.000001 8.774811 -0.000001 -16.396654 17.603434 5.944007 -1.844029 2.498503 -2.507277 -10.163587 4.678938 4.621105 -20.975992 -0.000005 0.000000 -21.226250 2.451690 -3.593995 -0.000000 -0.000006 -0.000000 -1.362680 2.240797 -0.746323 -21.334888 0.584908 3.008319 -13.821192 -0.000004 0.000000 -23.887125 -0.249080 -0.839483 -60.056725 2.594993 -1.558945 -0.294026 1.679685 0.833255 -14.218190 0.093215 1.300578 -34.212006 -0.287565 0.967167 -20.033175 0.964532 1.212840 0.000000 0.000001 -0.000001 -3.440386 0.788233 0.501654 -15.928163 -3.167306 2.999703 -6.338815 -0.000002 0.000000 -18.123411 3.648175 -4.905662 -0.000004 -0.000002 -0.000003 1.714547 -3.078229 11.109888 47.905689 81.680199 -2.001848 -179.204529 40.206429 -179.867386 -8.609964 -3.869275 -8.749091 2.243539 -5.255032 -3.180156 14.282877 -0.826593 6.952496 -0.000004 -12.690592 -0.000000 15.936267 -17.395899 2.251852 1.665666 -1.955920 -2.878296 4.727795 -4.170583 4.993917 11.020513 0.000003 -0.000001 12.109029 -3.735709 -2.866780 0.000000 -0.000000 0.000001 1.291985 -1.928548 -1.498088 14.800109 0.567468 3.865605 14.242553 -1.341736 -6.660648 19.631937 0.143926 -0.648242 49.083176 -0.675306 -6.373960 0.353030 -1.511149 -0.031940 20.222765 3.684307 2.316628 18.787243 0.000005 -0.000000 10.751608 -0.479866 1.397904 -0.000000 -0.000001 -0.000000 3.273804 0.305947 -0.580110 21.486788 11.830366 2.266132 8.162916 0.000003 0.000001 18.399050 -3.798980 -4.940567 0.000002 0.000000 -0.000001 13.233787 12.534228 -25.291176 -0.186858 -0.615893 24.548807 -15.595150 -1.933281 1.204121 1.638543 -1.902299 0.478238 -0.000000 0.000000 0.000002 -12.405535 -0.821206 -9.902733 0.095467 0.570523 23.482637 16.101973 -0.369946 -15.404525 -1.420465 1.126954 0.061452 -0.000000 -0.000000 -0.000001 
10.323962 95.640770 8.424601 -1.182089 -4.873987 2.721433 -0.707891 -0.156634 1.503805 -0.796939 -1.816017 -3.976562 -0.976472 -4.025016 9.722272 -6.861714 6.951226 11.799220 2.597452 12.433778 -3.409838 -1.825653 13.719782 -13.074685 0.000077 -0.000023 0.000005 -0.002723 -0.125301 0.004077 0.712029 -3.859829 -10.686008 -0.719965 3.603029 -10.653054 10.735303 -14.201186 6.013783 -29.891567 -23.116533 -55.854752 178.395325 -49.220398 -179.052567 3.814037 -3.568681 -0.964477 -5.882100 9.861279 0.702590 -10.936859 -0.360576 7.156198 -0.000001 8.774811 -0.000004 -16.414259 17.606695 5.930540 -1.844031 2.498503 -2.507275 -10.163590 4.678940 4.621105 -20.975996 -0.000003 0.000002 -21.226254 2.451692 -3.593994 0.000000 -0.000006 -0.000000 -1.362682 2.240796 -0.746323 -21.334896 0.584909 3.008321 -13.821197 -0.000003 0.000002 -23.887131 -0.249077 -0.839481 -60.090958 2.613082 -1.559071 -0.294025 1.679686 0.833254 -14.218197 0.093215 1.300581 -34.212006 -0.287562 0.967171 -20.033180 0.964537 1.212842 0.000000 0.000001 0.000000 -3.440386 0.788232 0.501657 -15.928171 -3.167305 2.999704 -6.338817 -0.000000 0.000003 -18.123417 3.648176 -4.905663 -0.000004 -0.000001 -0.000002 1.702071 -3.073315 11.080965 47.738171 81.655266 -2.187551 -179.181366 40.185558 -179.796844 -8.606107 -3.864178 -8.844620 2.243540 -5.255033 -3.180155 14.282877 -0.826593 6.952495 -0.000002 -12.690587 0.000001 15.990722 -17.401382 2.233404 1.665667 -1.955920 -2.878298 4.727792 -4.170582 4.993917 11.020510 0.000003 -0.000002 12.109033 -3.735707 -2.866781 0.000000 0.000000 0.000000 1.291984 -1.928548 -1.498089 14.800114 0.567467 3.865601 14.242558 -1.341734 -6.660651 19.631941 0.143927 -0.648247 49.100697 -0.658946 -6.392712 0.353029 -1.511149 -0.031939 20.222773 3.684306 2.316626 18.787249 0.000005 -0.000003 10.751610 -0.479868 1.397903 -0.000000 -0.000002 0.000000 3.273803 0.305947 -0.580109 21.486794 11.830362 2.266128 8.162915 0.000003 0.000000 18.399055 -3.798980 -4.940570 0.000003 0.000000 -0.000001 13.232527 12.559069 -25.231213 -0.181498 -0.620662 24.442055 -15.609155 -1.937563 1.223839 1.638351 -1.897072 0.470460 0.000000 -0.000000 0.000002 -12.404296 -0.800287 -9.914127 0.100797 0.583395 23.459272 16.096369 -0.388688 -15.395565 -1.419082 1.131086 0.026378 -0.000000 -0.000000 -0.000001 
10.364565 95.653946 8.412750 -1.168081 -4.926798 2.723129 -0.711626 -0.147459 1.518019 -0.789935 -1.820544 -3.970503 -0.987281 -4.006711 9.737814 -6.824956 6.918675 11.733973 2.619553 12.419883 -3.403541 -1.831146 13.757815 -13.119301 0.000077 -0.000023 0.000006 0.000145 -0.139625 0.003755 0.715098 -3.881399 -10.668866 -0.716962 3.587870 -10.635610 10.759415 -14.205394 5.957955 -29.870417 -23.115633 -55.823742 178.355621 -49.146675 -179.044983 3.850361 -3.494027 -0.966341 -5.882100 9.861279 0.702590 -10.936856 -0.360575 7.156196 -0.000002 8.774813 -0.000001 -16.425184 17.610888 5.934119 -1.844030 2.498503 -2.507276 -10.163592 4.678939 4.621103 -20.975998 -0.000003 0.000001 -21.226255 2.451693 -3.593995 -0.000000 -0.000007 -0.000000 -1.362679 2.240797 -0.746323 -21.334887 0.584908 3.008319 -13.821197 -0.000003 0.000002 -23.887131 -0.249075 -0.839483 -60.191830 2.614367 -1.556063 -0.294025 1.679687 0.833255 -14.218192 0.093215 1.300579 -34.212006 -0.287563 0.967168 -20.033178 0.964535 1.212841 -0.000000 0.000000 0.000000 -3.440386 0.788232 0.501655 -15.928167 -3.167306 2.999702 -6.338815 -0.000002 0.000001 -18.123415 3.648176 -4.905661 -0.000004 -0.000001 -0.000002 1.688762 -3.064725 11.024913 47.616550 81.619148 -2.301259 -179.131027 40.196819 -179.710022 -8.603366 -3.869408 -9.019284 2.243539 -5.255033 -3.180155 14.282878 -0.826594 6.952496 -0.000003 -12.690591 0.000000 16.001141 -17.405411 2.248776 1.665664 -1.955920 -2.878296 4.727797 -4.170583 4.993919 11.020510 0.000003 -0.000001 12.109031 -3.735710 -2.866779 0.000000 0.000000 0.000000 1.291986 -1.928548 -1.498088 14.800114 0.567467 3.865603 14.242551 -1.341734 -6.660648 19.631941 0.143926 -0.648243 49.086197 -0.668622 -6.403679 0.353030 -1.511149 -0.031940 20.222767 3.684305 2.316628 18.787245 0.000004 0.000000 10.751610 -0.479868 1.397905 0.000000 -0.000002 -0.000000 3.273805 0.305948 -0.580110 21.486792 11.830366 2.266133 8.162916 0.000003 0.000000 18.399054 -3.798979 -4.940566 0.000003 0.000000 -0.000001 13.194482 12.558895 -25.193123 -0.174315 -0.616402 24.379335 -15.555724 -1.910865 1.215570 1.638959 -1.885109 0.470939 -0.000000 0.000000 0.000002 -12.446134 -0.793327 -9.883221 0.097570 0.585951 23.329531 16.126612 -0.367080 -15.329266 -1.418948 1.138264 -0.001462 0.000000 0.000000 -0.000001 
10.360577 95.661736 8.381105 -1.157517 -4.983054 2.721490 -0.710273 -0.142153 1.531602 -0.792741 -1.811499 -3.972780 -0.993250 -4.006500 9.749993 -6.784261 6.905336 11.689054 2.624921 12.402228 -3.387610 -1.827526 13.804572 -13.200774 0.000077 -0.000021 0.000006 0.001206 -0.151176 0.001839 0.715435 -3.885457 -10.669168 -0.716130 3.573024 -10.636762 10.773697 -14.188560 5.915593 -29.791565 -23.122608 -55.821163 178.279556 -49.119720 -179.010818 3.858581 -3.420981 -0.986586 -5.882102 9.861279 0.702591 -10.936860 -0.360576 7.156197 -0.000002 8.774813 -0.000002 -16.429670 17.620457 5.933324 -1.844031 2.498503 -2.507277 -10.163589 4.678940 4.621103 -20.975996 -0.000004 0.000002 -21.226255 2.451692 -3.593995 0.000000 -0.000006 -0.000000 -1.362680 2.240797 -0.746322 -21.334892 0.584909 3.008321 -13.821197 -0.000004 0.000003 -23.887133 -0.249079 -0.839480 -60.262428 2.610716 -1.567387 -0.294025 1.679686 0.833255 -14.218192 0.093214 1.300579 -34.212006 -0.287563 0.967170 -20.033184 0.964533 1.212842 0.000001 -0.000000 0.000000 -3.440386 0.788233 0.501654 -15.928171 -3.167307 2.999704 -6.338817 -0.000001 0.000001 -18.123415 3.648175 -4.905661 -0.000004 -0.000001 -0.000002 1.663419 -3.050785 11.030508 47.342808 81.635284 -2.610624 -179.094131 40.225990 -179.646622 -8.573318 -3.861260 -9.307120 2.243542 -5.255033 -3.180156 14.282878 -0.826594 6.952496 -0.000004 -12.690590 0.000001 16.024826 -17.396338 2.244503 1.665663 -1.955918 -2.878298 4.727793 -4.170583 4.993918 11.020513 0.000003 -0.000000 12.109033 -3.735711 -2.866779 0.000001 0.000000 0.000000 1.291986 -1.928547 -1.498088 14.800111 0.567468 3.865603 14.242553 -1.341735 -6.660648 19.631939 0.143925 -0.648243 49.117100 -0.682041 -6.380617 0.353030 -1.511150 -0.031940 20.222771 3.684304 2.316628 18.787245 0.000003 0.000000 10.751611 -0.479867 1.397904 -0.000000 -0.000003 0.000000 3.273805 0.305947 -0.580111 21.486790 11.830361 2.266131 8.162916 0.000002 0.000001 18.399054 -3.798980 -4.940567 0.000003 0.000000 -0.000001 13.188087 12.587813 -25.138283 -0.175131 -0.621435 24.271339 -15.514248 -1.876401 1.245328 1.637146 -1.878269 0.474359 0.000000 -0.000000 0.000002 -12.454332 -0.788485 -9.900427 0.093491 0.583983 23.282259 16.121183 -0.322239 -15.305210 -1.417997 1.135092 -0.005095 -0.000000 -0.000000 -0.000001 
10.383163 95.674553 8.391611 -1.147142 -5.007801 2.721288 -0.706611 -0.149079 1.542180 -0.792920 -1.802186 -3.965702 -1.006604 -4.001506 9.751713 -6.745793 6.880069 11.626765 2.625129 12.407142 -3.388988 -1.802525 13.812240 -13.258580 0.000077 -0.000023 0.000006 0.000384 -0.157732 0.000191 0.717952 -3.894807 -10.668376 -0.716668 3.563560 -10.637424 10.776181 -14.182432 5.893071 -29.685495 -23.121641 -55.907230 178.266541 -49.123703 -178.977722 3.845711 -3.368498 -1.037270 -5.882100 9.861279 0.702591 -10.936860 -0.360575 7.156198 0.000000 8.774811 -0.000001 -16.415867 17.610405 5.922041 -1.844031 2.498502 -2.507274 -10.163589 4.678938 4.621105 -20.975994 -0.000004 0.000002 -21.226255 2.451692 -3.593992 -0.000000 -0.000007 -0.000000 -1.362681 2.240795 -0.746321 -21.334892 0.584909 3.008322 -13.821195 -0.000003 0.000003 -23.887131 -0.249077 -0.839480 -60.241077 2.612466 -1.566286 -0.294023 1.679686 0.833255 -14.218190 0.093215 1.300581 -34.212002 -0.287564 0.967173 -20.033178 0.964536 1.212842 0.000000 0.000002 0.000000 -3.440385 0.788232 0.501656 -15.928169 -3.167306 2.999703 -6.338817 -0.000002 0.000001 -18.123413 3.648176 -4.905661 -0.000004 -0.000001 -0.000002 1.624447 -3.033542 11.014275 47.227688 81.605850 -2.831137 -179.067535 40.235447 -179.603729 -8.484766 -3.866407 -9.579478 2.243539 -5.255033 -3.180155 14.282877 -0.826594 6.952497 -0.000003 -12.690588 0.000001 16.002575 -17.402569 2.251051 1.665664 -1.955920 -2.878296 4.727792 -4.170582 4.993918 11.020510 0.000003 -0.000001 12.109031 -3.735709 -2.866779 0.000000 0.000000 0.000000 1.291985 -1.928548 -1.498089 14.800111 0.567468 3.865603 14.242554 -1.341734 -6.660648 19.631935 0.143924 -0.648244 49.087440 -0.695534 -6.369749 0.353029 -1.511149 -0.031940 20.222765 3.684306 2.316629 18.787245 0.000005 -0.000000 10.751610 -0.479869 1.397904 -0.000000 0.000000 0.000000 3.273803 0.305947 -0.580110 21.486790 11.830361 2.266131 8.162916 0.000002 0.000001 18.399052 -3.798980 -4.940566 0.000003 -0.000001 -0.000001 13.159208 12.604024 -25.132687 -0.166025 -0.622104 24.286123 -15.440663 -1.872185 1.263345 1.636944 -1.867739 0.461109 0.000000 -0.000000 0.000002 -12.483071 -0.797307 -9.851759 0.102605 0.599808 23.174414 16.109894 -0.315284 -15.258034 -1.419828 1.135222 0.000140 -0.000000 -0.000000 -0.000001 
10.364066 95.690849 8.422945 -1.136460 -5.025682 2.707857 -0.702571 -0.159380 1.555501 -0.795491 -1.796590 -3.965086 -1.016724 -4.003435 9.756681 -6.704386 6.883115 11.570262 2.618779 12.419817 -3.391539 -1.776725 13.789861 -13.317999 0.000077 -0.000021 0.000006 0.001235 -0.151144 -0.003860 0.718285 -3.882149 -10.673587 -0.718311 3.577713 -10.645051 10.755277 -14.187635 5.879990 -29.593824 -23.050257 -56.035217 178.198761 -49.135563 -178.947311 3.782497 -3.363105 -1.015730 -5.882102 9.861281 0.702589 -10.936857 -0.360576 7.156197 -0.000001 8.774816 -0.000001 -16.391260 17.623051 5.920187 -1.844031 2.498503 -2.507275 -10.163589 4.678941 4.621104 -20.975994 -0.000004 -0.000000 -21.226254 2.451694 -3.593997 0.000000 -0.000006 -0.000000 -1.362681 2.240796 -0.746323 -21.334894 0.584909 3.008320 -13.821193 -0.000003 0.000002 -23.887125 -0.249078 -0.839482 -60.203388 2.622783 -1.569983 -0.294024 1.679686 0.833254 -14.218189 0.093215 1.300580 -34.211998 -0.287564 0.967168 -20.033176 0.964536 1.212841 -0.000000 0.000000 0.000000 -3.440384 0.788232 0.501654 -15.928169 -3.167308 2.999704 -6.338813 -0.000000 0.000001 -18.123411 3.648179 -4.905663 -0.000004 -0.000001 -0.000003 1.584281 -3.019777 11.004391 47.131844 81.604637 -3.089957 -179.121078 40.286629 -179.625000 -8.441113 -3.854328 -9.791340 2.243539 -5.255033 -3.180155 14.282875 -0.826594 6.952496 -0.000001 -12.690590 -0.000001 16.027542 -17.386372 2.259769 1.665663 -1.955919 -2.878295 4.727794 -4.170584 4.993919 11.020513 0.000003 -0.000001 12.109033 -3.735710 -2.866779 0.000000 0.000001 0.000000 1.291983 -1.928547 -1.498088 14.800113 0.567467 3.865603 14.242554 -1.341736 -6.660648 19.631939 0.143923 -0.648244 49.140316 -0.697535 -6.340794 0.353030 -1.511149 -0.031940 20.222769 3.684304 2.316629 18.787245 0.000004 -0.000001 10.751610 -0.479868 1.397903 0.000000 0.000001 0.000000 3.273804 0.305946 -0.580110 21.486790 11.830360 2.266132 8.162916 0.000002 0.000001 18.399052 -3.798979 -4.940567 0.000003 0.000000 -0.000001 13.163583 12.625553 -25.085697 -0.155687 -0.611966 24.278099 -15.410479 -1.881448 1.315437 1.637890 -1.868125 0.471053 0.000000 -0.000000 0.000002 -12.485564 -0.783034 -9.814821 0.106561 0.602873 23.160461 16.064991 -0.320247 -15.218016 -1.418809 1.131897 0.032446 0.000000 0.000000 -0.000001 
10.364885 95.682037 8.447093 -1.112209 -5.045180 2.676875 -0.708489 -0.141911 1.571470 -0.793631 -1.825434 -3.969885 -1.033777 -3.964484 9.787348 -6.661155 6.871742 11.476788 2.621711 12.430953 -3.375893 -1.762413 13.775959 -13.380745 0.000077 -0.000022 0.000006 0.001653 -0.157555 -0.005512 0.721483 -3.887413 -10.683317 -0.722261 3.578180 -10.655623 10.745804 -14.199784 5.867701 -29.515175 -23.036608 -56.134430 178.218552 -49.134811 -178.952454 3.802038 -3.333102 -0.976336 -5.882101 9.861274 0.702588 -10.936858 -0.360574 7.156197 0.000001 8.774811 -0.000002 -16.362116 17.592337 5.917890 -1.844031 2.498502 -2.507276 -10.163591 4.678940 4.621103 -20.975994 -0.000002 -0.000000 -21.226254 2.451691 -3.593995 -0.000000 -0.000007 -0.000000 -1.362680 2.240796 -0.746324 -21.334890 0.584908 3.008320 -13.821198 -0.000005 0.000001 -23.887133 -0.249079 -0.839481 -60.202595 2.604001 -1.556658 -0.294024 1.679685 0.833255 -14.218192 0.093214 1.300579 -34.212002 -0.287563 0.967167 -20.033176 0.964535 1.212840 0.000000 -0.000001 0.000000 -3.440384 0.788232 0.501654 -15.928165 -3.167306 2.999701 -6.338814 -0.000000 0.000002 -18.123415 3.648173 -4.905662 -0.000004 -0.000002 -0.000002 1.517258 -2.998609 11.003034 46.901245 81.582764 -3.474859 -179.150375 40.283447 -179.640884 -8.371222 -3.834261 -9.963909 2.243538 -5.255033 -3.180154 14.282877 -0.826593 6.952497 -0.000002 -12.690592 -0.000000 16.014482 -17.408934 2.267546 1.665664 -1.955920 -2.878297 4.727796 -4.170584 4.993919 11.020510 0.000004 0.000000 12.109028 -3.735711 -2.866779 0.000000 0.000000 0.000000 1.291983 -1.928547 -1.498088 14.800111 0.567469 3.865604 14.242551 -1.341736 -6.660646 19.631939 0.143925 -0.648240 49.126244 -0.708053 -6.343064 0.353027 -1.511150 -0.031940 20.222769 3.684308 2.316631 18.787247 0.000004 0.000003 10.751610 -0.479868 1.397905 -0.000000 0.000001 -0.000000 3.273803 0.305947 -0.580109 21.486795 11.830367 2.266135 8.162916 0.000002 0.000001 18.399050 -3.798982 -4.940565 0.000002 -0.000001 -0.000001 13.149103 12.642294 -25.064497 -0.158856 -0.606269 24.346146 -15.386300 -1.899353 1.278265 1.635102 -1.866885 0.483241 0.000000 -0.000000 0.000002 -12.517201 -0.751561 -9.779634 0.104094 0.590107 23.173494 16.049587 -0.331288 -15.261970 -1.418426 1.128716 0.075295 -0.000000 -0.000000 -0.000001 
10.389637 95.684662 8.457200 -1.091882 -5.047734 2.641843 -0.709369 -0.154159 1.572440 -0.795813 -1.805045 -3.951081 -1.050894 -3.969883 9.786056 -6.633453 6.874470 11.418766 2.623480 12.440808 -3.386989 -1.751873 13.801538 -13.406124 0.000077 -0.000021 0.000006 0.002952 -0.164013 -0.005654 0.725146 -3.903933 -10.683096 -0.724394 3.566781 -10.655102 10.707618 -14.189734 5.861635 -29.461445 -23.000013 -56.196915 178.209473 -49.090706 -178.977417 3.798882 -3.287788 -0.849977 -5.882100 9.861280 0.702590 -10.936857 -0.360573 7.156196 -0.000002 8.774813 -0.000002 -16.337744 17.600460 5.949346 -1.844031 2.498502 -2.507274 -10.163589 4.678942 4.621104 -20.975992 -0.000003 -0.000001 -21.226244 2.451694 -3.593996 -0.000000 -0.000006 -0.000000 -1.362679 2.240796 -0.746324 -21.334887 0.584910 3.008318 -13.821191 -0.000003 -0.000000 -23.887119 -0.249078 -0.839483 -60.176533 2.611284 -1.545153 -0.294025 1.679687 0.833255 -14.218190 0.093216 1.300579 -34.211998 -0.287563 0.967166 -20.033173 0.964536 1.212840 0.000000 0.000002 0.000000 -3.440383 0.788233 0.501655 -15.928164 -3.167305 2.999705 -6.338812 -0.000001 0.000002 -18.123411 3.648179 -4.905664 -0.000004 -0.000001 -0.000002 1.472676 -2.974329 10.991987 46.968452 81.555611 -3.452628 -179.143311 40.266277 -179.613113 -8.315495 -3.806637 -10.053276 2.243538 -5.255032 -3.180157 14.282875 -0.826594 6.952497 -0.000004 -12.690591 0.000000 16.017588 -17.444040 2.265811 1.665666 -1.955920 -2.878297 4.727795 -4.170583 4.993920 11.020507 0.000003 -0.000001 12.109032 -3.735709 -2.866780 0.000000 0.000000 0.000001 1.291983 -1.928548 -1.498088 14.800113 0.567469 3.865604 14.242553 -1.341733 -6.660649 19.631937 0.143926 -0.648243 49.145817 -0.715859 -6.355540 0.353030 -1.511149 -0.031939 20.222763 3.684307 2.316629 18.787245 0.000005 0.000001 10.751609 -0.479869 1.397905 0.000000 0.000002 0.000000 3.273805 0.305947 -0.580109 21.486788 11.830362 2.266131 8.162915 0.000002 0.000001 18.399050 -3.798979 -4.940566 0.000003 0.000000 -0.000001 13.120018 12.661944 -25.054235 -0.169659 -0.602039 24.410294 -15.363948 -1.927855 1.287691 1.637978 -1.871612 0.495794 0.000000 -0.000000 0.000002 -12.555998 -0.726732 -9.720318 0.102576 0.588042 23.134893 16.057035 -0.376003 -15.246358 -1.418738 1.114861 0.098360 0.000000 0.000000 -0.000001 
10.365912 95.688766 8.451221 -1.072536 -5.038066 2.600604 -0.706183 -0.152230 1.584815 -0.790844 -1.812382 -3.950278 -1.073415 -3.952507 9.793767 -6.608697 6.850715 11.352850 2.631452 12.475248 -3.367579 -1.757177 13.807323 -13.449854 0.000077 -0.000022 0.000006 0.003397 -0.168986 -0.009156 0.725126 -3.904876 -10.694379 -0.721929 3.572800 -10.665833 10.650168 -14.195285 5.870663 -29.381849 -23.004848 -56.280136 178.283722 -49.074368 -179.055954 3.861130 -3.243226 -0.710379 -5.882102 9.861279 0.702590 -10.936860 -0.360575 7.156198 -0.000001 8.774812 -0.000003 -16.329834 17.587433 5.955173 -1.844031 2.498502 -2.507276 -10.163591 4.678940 4.621105 -20.975996 -0.000005 0.000004 -21.226255 2.451692 -3.593992 0.000000 -0.000007 -0.000000 -1.362679 2.240797 -0.746322 -21.334892 0.584907 3.008322 -13.821197 -0.000003 0.000004 -23.887131 -0.249077 -0.839479 -60.187119 2.614214 -1.545832 -0.294026 1.679687 0.833254 -14.218195 0.093214 1.300580 -34.212002 -0.287565 0.967173 -20.033180 0.964535 1.212844 -0.000000 0.000002 -0.000000 -3.440385 0.788232 0.501655 -15.928169 -3.167308 2.999703 -6.338817 -0.000001 0.000002 -18.123413 3.648175 -4.905662 -0.000004 -0.000002 -0.000002 1.430777 -2.974522 10.985117 46.894405 81.563217 -3.583662 -179.129715 40.260147 -179.602936 -8.259109 -3.805794 -10.148023 2.243540 -5.255033 -3.180156 14.282877 -0.826593 6.952495 -0.000003 -12.690591 0.000000 15.992186 -17.447197 2.278424 1.665665 -1.955920 -2.878298 4.727794 -4.170585 4.993918 11.020512 0.000003 -0.000001 12.109032 -3.735711 -2.866779 0.000000 0.000000 0.000000 1.291985 -1.928548 -1.498088 14.800113 0.567467 3.865604 14.242551 -1.341737 -6.660648 19.631939 0.143926 -0.648243 49.092651 -0.711936 -6.345268 0.353028 -1.511149 -0.031941 20.222769 3.684306 2.316628 18.787247 0.000004 -0.000000 10.751611 -0.479867 1.397904 -0.000000 0.000002 -0.000000 3.273804 0.305947 -0.580110 21.486792 11.830365 2.266132 8.162917 0.000003 -0.000000 18.399050 -3.798980 -4.940567 0.000002 -0.000001 -0.000001 13.117064 12.683614 -25.008759 -0.170643 -0.601860 24.391426 -15.374846 -1.968683 1.356713 1.637702 -1.872003 0.505835 0.000000 -0.000000 0.000002 -12.561419 -0.725643 -9.704684 0.097011 0.578588 23.192558 16.037600 -0.366636 -15.242066 -1.417860 1.115003 0.121230 0.000000 0.000000 -0.000001 
10.347363 95.687576 8.457768 -1.054711 -5.007447 2.549607 -0.704648 -0.146651 1.599830 -0.792690 -1.806288 -3.944595 -1.090990 -3.944821 9.808032 -6.593146 6.833944 11.289683 2.642364 12.483841 -3.374232 -1.754364 13.823268 -13.453863 0.000077 -0.000021 0.000006 0.003694 -0.163909 -0.007593 0.725863 -3.911644 -10.695666 -0.722437 3.571605 -10.668952 10.602154 -14.201168 5.906121 -29.310768 -23.042465 -56.353043 178.303116 -49.092468 -179.094101 3.943199 -3.203259 -0.606209 -5.882104 9.861277 0.702589 -10.936860 -0.360574 7.156196 -0.000000 8.774811 -0.000001 -16.337166 17.582029 5.959300 -1.844031 2.498502 -2.507274 -10.163590 4.678939 4.621103 -20.975998 -0.000004 -0.000000 -21.226255 2.451690 -3.593993 0.000000 -0.000006 -0.000000 -1.362680 2.240796 -0.746323 -21.334892 0.584909 3.008318 -13.821197 -0.000003 0.000001 -23.887133 -0.249079 -0.839482 -60.189011 2.610526 -1.541619 -0.294022 1.679686 0.833255 -14.218194 0.093215 1.300579 -34.212013 -0.287564 0.967168 -20.033180 0.964534 1.212841 -0.000000 0.000001 0.000000 -3.440384 0.788233 0.501654 -15.928169 -3.167305 2.999703 -6.338815 -0.000002 0.000000 -18.123417 3.648173 -4.905662 -0.000004 -0.000002 -0.000002 1.390511 -2.970585 10.990341 46.685333 81.586319 -3.755815 -179.082748 40.251526 -179.591217 -8.247329 -3.783497 -10.189839 2.243539 -5.255033 -3.180153 14.282877 -0.826593 6.952497 -0.000003 -12.690591 -0.000000 15.967999 -17.434464 2.277715 1.665665 -1.955920 -2.878297 4.727793 -4.170584 4.993918 11.020509 0.000003 0.000000 12.109033 -3.735711 -2.866778 0.000000 0.000000 0.000000 1.291985 -1.928547 -1.498089 14.800114 0.567468 3.865603 14.242553 -1.341736 -6.660647 19.631939 0.143924 -0.648243 49.066677 -0.701976 -6.329707 0.353029 -1.511149 -0.031940 20.222769 3.684307 2.316630 18.787245 0.000005 0.000002 10.751610 -0.479868 1.397905 -0.000000 0.000000 0.000000 3.273804 0.305947 -0.580110 21.486790 11.830363 2.266131 8.162918 0.000001 0.000000 18.399054 -3.798981 -4.940566 0.000002 -0.000001 -0.000001 13.103376 12.721128 -24.964510 -0.160277 -0.597452 24.393452 -15.381328 -2.025375 1.400756 1.638624 -1.863787 0.507847 0.000000 -0.000000 0.000002 -12.572039 -0.749041 -9.647458 0.104295 0.583138 23.218166 16.012680 -0.369931 -15.264183 -1.416917 1.118318 0.110165 0.000000 0.000000 -0.000001 
10.329986 95.681900 8.440976 -1.040134 -4.989056 2.490987 -0.708699 -0.143370 1.611200 -0.789970 -1.791065 -3.941124 -1.102996 -3.947122 9.827729 -6.584312 6.824312 11.220918 2.654761 12.506917 -3.351553 -1.752348 13.804004 -13.482019 0.000077 -0.000021 0.000006 0.002560 -0.157415 -0.009353 0.725520 -3.896596 -10.694344 -0.722823 3.582755 -10.666729 10.566695 -14.216151 5.934472 -29.263350 -23.081026 -56.398216 178.339310 -49.123802 -179.100601 4.057408 -3.158931 -0.605743 -5.882102 9.861279 0.702589 -10.936858 -0.360577 7.156196 0.000001 8.774815 0.000000 -16.377995 17.575649 5.939057 -1.844033 2.498502 -2.507274 -10.163592 4.678941 4.621103 -20.976000 -0.000006 0.000002 -21.226255 2.451691 -3.593994 0.000000 -0.000006 -0.000000 -1.362679 2.240797 -0.746324 -21.334896 0.584906 3.008320 -13.821197 -0.000004 0.000002 -23.887131 -0.249082 -0.839480 -60.189228 2.609216 -1.528529 -0.294025 1.679686 0.833255 -14.218192 0.093215 1.300581 -34.212002 -0.287565 0.967171 -20.033180 0.964533 1.212843 -0.000000 0.000002 -0.000000 -3.440384 0.788232 0.501655 -15.928169 -3.167308 2.999702 -6.338816 -0.000002 0.000001 -18.123415 3.648176 -4.905663 -0.000004 -0.000001 -0.000002 1.343529 -3.004379 10.997256 46.914391 81.645714 -3.571054 -179.111115 40.246990 -179.611725 -8.273704 -3.764509 -10.232739 2.243540 -5.255033 -3.180155 14.282879 -0.826594 6.952495 -0.000004 -12.690590 -0.000000 16.007841 -17.447287 2.250809 1.665667 -1.955920 -2.878296 4.727795 -4.170583 4.993918 11.020513 0.000002 -0.000001 12.109035 -3.735710 -2.866780 0.000000 0.000001 -0.000000 1.291985 -1.928548 -1.498087 14.800111 0.567467 3.865603 14.242553 -1.341735 -6.660648 19.631941 0.143927 -0.648244 49.071156 -0.684978 -6.332469 0.353029 -1.511149 -0.031941 20.222771 3.684306 2.316628 18.787249 0.000005 -0.000002 10.751610 -0.479867 1.397903 -0.000000 -0.000000 -0.000000 3.273804 0.305947 -0.580111 21.486794 11.830363 2.266131 8.162918 0.000003 0.000001 18.399055 -3.798978 -4.940569 0.000003 -0.000001 -0.000001 13.103100 12.740871 -24.904131 -0.168878 -0.606607 24.361876 -15.379494 -2.029836 1.426532 1.639262 -1.870587 0.492741 0.000000 -0.000000 0.000002 -12.575644 -0.766681 -9.606368 0.103642 0.587233 23.252531 16.000189 -0.382826 -15.296177 -1.417695 1.125147 0.110652 0.000000 0.000000 -0.000001 
10.324128 95.679810 8.429020 -1.025950 -4.922807 2.431666 -0.713024 -0.133719 1.627820 -0.787919 -1.806703 -3.948004 -1.111097 -3.939264 9.862247 -6.590650 6.781968 11.155461 2.651253 12.545137 -3.352321 -1.758244 13.820206 -13.527024 0.000077 -0.000022 0.000006 0.001992 -0.150884 -0.011025 0.725616 -3.897315 -10.702969 -0.725320 3.573133 -10.676089 10.551259 -14.241734 5.968788 -29.254061 -23.116570 -56.426022 178.342316 -49.141815 -179.106445 4.177819 -3.109569 -0.684799 -5.882101 9.861279 0.702589 -10.936858 -0.360575 7.156196 -0.000001 8.774815 -0.000002 -16.376167 17.589462 5.913619 -1.844030 2.498503 -2.507275 -10.163590 4.678940 4.621103 -20.975996 -0.000005 -0.000000 -21.226255 2.451692 -3.593996 0.000000 -0.000006 -0.000000 -1.362681 2.240797 -0.746324 -21.334892 0.584908 3.008319 -13.821194 -0.000003 -0.000000 -23.887129 -0.249079 -0.839484 -60.124950 2.625402 -1.535736 -0.294025 1.679686 0.833255 -14.218194 0.093215 1.300577 -34.211998 -0.287564 0.967165 -20.033180 0.964534 1.212839 -0.000000 0.000002 0.000000 -3.440383 0.788233 0.501655 -15.928167 -3.167307 2.999702 -6.338814 -0.000000 0.000000 -18.123413 3.648176 -4.905664 -0.000004 -0.000002 -0.000003 1.293502 -3.037056 10.998540 46.896320 81.702652 -3.640049 -179.134644 40.262913 -179.682449 -8.252063 -3.735820 -10.359235 2.243537 -5.255033 -3.180154 14.282878 -0.826593 6.952497 -0.000004 -12.690590 0.000001 15.987071 -17.436535 2.226100 1.665663 -1.955920 -2.878297 4.727793 -4.170583 4.993919 11.020510 0.000003 -0.000001 12.109029 -3.735709 -2.866778 0.000000 0.000001 0.000000 1.291984 -1.928548 -1.498088 14.800111 0.567468 3.865603 14.242554 -1.341735 -6.660647 19.631939 0.143926 -0.648242 49.023186 -0.667746 -6.316652 0.353030 -1.511149 -0.031940 20.222769 3.684306 2.316629 18.787245 0.000005 0.000001 10.751611 -0.479867 1.397904 -0.000000 0.000000 0.000000 3.273802 0.305947 -0.580110 21.486790 11.830365 2.266132 8.162914 0.000001 0.000000 18.399050 -3.798979 -4.940566 0.000003 -0.000001 -0.000001 13.078106 12.771377 -24.863394 -0.163793 -0.607261 24.335485 -15.357111 -2.047443 1.473624 1.638378 -1.876719 0.484655 0.000000 -0.000000 0.000002 -12.590943 -0.814732 -9.526159 0.116804 0.591488 23.246553 15.994002 -0.426043 -15.315715 -1.418106 1.127468 0.113793 -0.000000 0.000000 -0.000001 
10.309577 95.689178 8.452926 -1.008282 -4.883521 2.365741 -0.725846 -0.143822 1.643394 -0.787357 -1.809623 -3.945859 -1.123701 -3.937038 9.883274 -6.582047 6.770925 11.083309 2.675022 12.547992 -3.348830 -1.777686 13.831603 -13.572225 0.000077 -0.000021 0.000006 0.001806 -0.150873 -0.010977 0.725155 -3.895526 -10.685380 -0.725550 3.575032 -10.658371 10.555676 -14.265756 5.985017 -29.282000 -23.110897 -56.488293 178.448471 -49.153225 -179.139526 4.292197 -3.045328 -0.892670 -5.882100 9.861277 0.702588 -10.936860 -0.360575 7.156197 0.000001 8.774811 -0.000002 -16.400515 17.600151 5.894821 -1.844031 2.498502 -2.507276 -10.163589 4.678937 4.621104 -20.975994 -0.000007 0.000002 -21.226255 2.451689 -3.593991 0.000000 -0.000007 -0.000000 -1.362679 2.240796 -0.746322 -21.334892 0.584906 3.008320 -13.821194 -0.000004 0.000002 -23.887125 -0.249081 -0.839479 -60.071716 2.639570 -1.535101 -0.294024 1.679686 0.833254 -14.218194 0.093213 1.300579 -34.212002 -0.287566 0.967172 -20.033178 0.964535 1.212843 0.000000 0.000001 0.000000 -3.440385 0.788232 0.501654 -15.928169 -3.167308 2.999702 -6.338816 -0.000003 0.000001 -18.123415 3.648174 -4.905660 -0.000004 -0.000001 -0.000002 1.250043 -3.045670 11.016283 46.925503 81.738464 -3.614966 -179.164307 40.230312 -179.683472 -8.273611 -3.719905 -10.445296 2.243541 -5.255032 -3.180157 14.282877 -0.826591 6.952495 -0.000003 -12.690588 -0.000001 16.001400 -17.432089 2.221479 1.665665 -1.955920 -2.878296 4.727793 -4.170583 4.993918 11.020514 0.000004 -0.000002 12.109035 -3.735708 -2.866781 0.000000 0.000001 0.000000 1.291984 -1.928548 -1.498088 14.800111 0.567469 3.865602 14.242551 -1.341733 -6.660651 19.631939 0.143928 -0.648243 49.033741 -0.659142 -6.297161 0.353027 -1.511149 -0.031940 20.222769 3.684308 2.316629 18.787245 0.000007 -0.000000 10.751609 -0.479866 1.397905 -0.000000 -0.000001 0.000000 3.273806 0.305948 -0.580112 21.486790 11.830364 2.266130 8.162916 0.000001 0.000000 18.399048 -3.798976 -4.940567 0.000003 -0.000001 -0.000001 13.074430 12.783315 -24.782938 -0.170062 -0.608529 24.320616 -15.348918 -2.073929 1.523323 1.638579 -1.883674 0.446184 -0.000000 -0.000000 0.000002 -12.603586 -0.817907 -9.412137 0.115939 0.576754 23.217833 15.968377 -0.465407 -15.302363 -1.417912 1.132486 0.109072 -0.000000 -0.000000 -0.000001 
10.309640 95.705261 8.438865 -0.996067 -4.856327 2.302791 -0.730430 -0.146807 1.661758 -0.784147 -1.819367 -3.949018 -1.134165 -3.932076 9.907901 -6.576850 6.756127 11.027194 2.683550 12.575178 -3.332948 -1.834084 13.856079 -13.641742 0.000077 -0.000022 0.000006 0.003143 -0.157352 -0.007409 0.729810 -3.895646 -10.685243 -0.728973 3.581226 -10.659788 10.567768 -14.284293 5.956699 -29.289423 -23.101410 -56.540520 178.561829 -49.201389 -179.197830 4.389938 -2.993086 -1.146226 -5.882102 9.861278 0.702590 -10.936859 -0.360575 7.156197 0.000001 8.774813 -0.000002 -16.349382 17.590687 5.920081 -1.844031 2.498502 -2.507276 -10.163589 4.678939 4.621102 -20.975992 -0.000004 0.000002 -21.226254 2.451692 -3.593995 0.000000 -0.000007 -0.000000 -1.362681 2.240797 -0.746324 -21.334887 0.584908 3.008319 -13.821197 -0.000003 0.000002 -23.887129 -0.249078 -0.839482 -60.023937 2.629357 -1.515852 -0.294025 1.679686 0.833255 -14.218192 0.093213 1.300578 -34.211998 -0.287562 0.967169 -20.033178 0.964536 1.212841 -0.000000 0.000001 -0.000000 -3.440386 0.788233 0.501655 -15.928167 -3.167307 2.999704 -6.338815 -0.000000 0.000001 -18.123413 3.648175 -4.905662 -0.000004 -0.000002 -0.000003 1.213944 -3.061412 11.051829 46.837250 81.812531 -3.737192 -179.179382 40.225056 -179.683975 -8.278618 -3.743226 -10.575098 2.243539 -5.255033 -3.180156 14.282873 -0.826593 6.952497 -0.000001 -12.690590 -0.000000 15.988135 -17.424412 2.226745 1.665664 -1.955920 -2.878296 4.727793 -4.170583 4.993919 11.020509 0.000003 -0.000000 12.109029 -3.735710 -2.866779 0.000001 0.000001 0.000000 1.291984 -1.928548 -1.498086 14.800114 0.567467 3.865605 14.242553 -1.341736 -6.660648 19.631937 0.143926 -0.648242 49.001842 -0.666817 -6.291377 0.353027 -1.511149 -0.031940 20.222769 3.684305 2.316629 18.787245 0.000003 0.000001 10.751610 -0.479868 1.397904 -0.000000 0.000000 0.000000 3.273803 0.305947 -0.580110 21.486792 11.830362 2.266133 8.162915 -0.000000 0.000001 18.399050 -3.798978 -4.940566 0.000003 0.000001 -0.000001 13.062550 12.805655 -24.723347 -0.167326 -0.598331 24.294603 -15.349002 -2.099717 1.631924 1.636728 -1.880468 0.419071 0.000000 -0.000000 0.000002 -12.614331 -0.820205 -9.333530 0.117880 0.584204 23.192205 15.949232 -0.501962 -15.242202 -1.419660 1.129118 0.108292 0.000000 0.000000 -0.000001 
10.323365 95.712952 8.412653 -0.988011 -4.841115 2.259396 -0.734449 -0.141316 1.669495 -0.775053 -1.853418 -3.957682 -1.139484 -3.914677 9.923237 -6.597065 6.734670 10.978072 2.682686 12.592036 -3.341576 -1.862951 13.861776 -13.692031 0.000077 -0.000020 0.000006 0.003382 -0.150848 -0.007229 0.729531 -3.890748 -10.690041 -0.728153 3.579579 -10.663760 10.549544 -14.284930 5.958580 -29.259968 -23.084408 -56.577026 178.675064 -49.254982 -179.238403 4.518057 -2.956388 -1.341194 -5.882099 9.861278 0.702591 -10.936858 -0.360575 7.156199 0.000000 8.774813 -0.000003 -16.348684 17.584265 5.932906 -1.844030 2.498502 -2.507277 -10.163592 4.678939 4.621105 -20.975998 -0.000004 0.000002 -21.226254 2.451692 -3.593992 0.000000 -0.000007 -0.000000 -1.362682 2.240796 -0.746321 -21.334894 0.584909 3.008320 -13.821198 -0.000003 0.000003 -23.887131 -0.249077 -0.839481 -60.026146 2.645692 -1.524131 -0.294026 1.679686 0.833256 -14.218195 0.093214 1.300581 -34.212002 -0.287564 0.967172 -20.033180 0.964535 1.212843 0.000000 0.000001 0.000000 -3.440386 0.788233 0.501655 -15.928171 -3.167306 2.999704 -6.338819 -0.000002 0.000000 -18.123415 3.648174 -4.905660 -0.000004 -0.000002 -0.000002 1.196903 -3.071498 11.105460 46.646729 81.878586 -3.905652 -179.149307 40.215801 -179.642807 -8.256068 -3.764545 -10.709741 2.243540 -5.255032 -3.180156 14.282875 -0.826594 6.952497 0.000001 -12.690586 0.000001 15.977532 -17.421198 2.237222 1.665663 -1.955920 -2.878296 4.727795 -4.170583 4.993919 11.020510 0.000002 -0.000002 12.109029 -3.735709 -2.866779 0.000000 0.000001 0.000000 1.291985 -1.928548 -1.498088 14.800113 0.567467 3.865604 14.242553 -1.341734 -6.660650 19.631937 0.143925 -0.648243 48.988247 -0.661531 -6.281694 0.353029 -1.511149 -0.031939 20.222769 3.684304 2.316628 18.787245 0.000005 -0.000001 10.751611 -0.479870 1.397904 -0.000000 0.000001 -0.000000 3.273805 0.305947 -0.580111 21.486790 11.830360 2.266131 8.162916 0.000000 0.000000 18.399052 -3.798980 -4.940566 0.000003 -0.000001 -0.000001 13.043182 12.826398 -24.668257 -0.168443 -0.593407 24.227297 -15.325716 -2.081857 1.678444 1.633776 -1.872305 0.406009 0.000000 -0.000000 0.000002 -12.630389 -0.832618 -9.296379 0.113182 0.580776 23.182280 15.932262 -0.515808 -15.191465 -1.418967 1.146521 0.131670 0.000000 0.000000 -0.000001 
10.344070 95.708778 8.418163 -0.977510 -4.829513 2.208047 -0.735989 -0.165451 1.674277 -0.770030 -1.837838 -3.939655 -1.150388 -3.927436 9.915354 -6.616179 6.716284 10.948153 2.676888 12.589937 -3.356379 -1.891574 13.906157 -13.741271 0.000077 -0.000020 0.000006 0.003354 -0.163831 -0.005282 0.730597 -3.896300 -10.687124 -0.729482 3.567240 -10.661038 10.529084 -14.290845 5.950447 -29.227631 -23.039259 -56.583347 178.759476 -49.289360 -179.269394 4.620045 -2.962247 -1.347201 -5.882100 9.861278 0.702589 -10.936858 -0.360575 7.156197 -0.000001 8.774813 -0.000001 -16.344193 17.572529 5.929774 -1.844029 2.498502 -2.507275 -10.163588 4.678940 4.621106 -20.975994 -0.000005 0.000002 -21.226254 2.451690 -3.593993 0.000000 -0.000006 -0.000000 -1.362680 2.240796 -0.746322 -21.334890 0.584906 3.008320 -13.821197 -0.000004 0.000003 -23.887129 -0.249078 -0.839481 -60.016239 2.648760 -1.493341 -0.294024 1.679686 0.833255 -14.218190 0.093214 1.300578 -34.212002 -0.287566 0.967171 -20.033178 0.964533 1.212843 -0.000000 0.000002 0.000000 -3.440386 0.788232 0.501655 -15.928167 -3.167306 2.999703 -6.338815 -0.000001 0.000002 -18.123413 3.648175 -4.905660 -0.000004 -0.000002 -0.000002 1.188488 -3.082813 11.125523 47.057549 81.902863 -3.481608 -179.155640 40.233383 -179.614761 -8.208159 -3.730275 -10.769581 2.243539 -5.255033 -3.180157 14.282877 -0.826593 6.952497 -0.000003 -12.690590 -0.000000 15.959002 -17.430651 2.261239 1.665667 -1.955921 -2.878297 4.727791 -4.170582 4.993918 11.020512 0.000004 -0.000001 12.109033 -3.735708 -2.866780 0.000001 0.000001 0.000000 1.291982 -1.928548 -1.498088 14.800111 0.567469 3.865603 14.242553 -1.341733 -6.660649 19.631939 0.143926 -0.648242 49.002205 -0.683533 -6.275790 0.353028 -1.511149 -0.031940 20.222765 3.684307 2.316627 18.787245 0.000005 -0.000001 10.751610 -0.479868 1.397904 -0.000000 -0.000000 -0.000000 3.273806 0.305946 -0.580110 21.486788 11.830366 2.266130 8.162916 0.000002 0.000001 18.399050 -3.798978 -4.940567 0.000003 -0.000002 -0.000001 13.015267 12.863795 -24.606529 -0.163666 -0.591722 24.206753 -15.301700 -2.087026 1.643338 1.631803 -1.862149 0.402994 -0.000000 0.000000 0.000002 -12.661605 -0.863270 -9.187749 0.119366 0.577969 23.082994 15.929870 -0.494009 -15.203720 -1.418698 1.146335 0.150532 -0.000000 0.000000 -0.000001 
10.357654 95.722511 8.401607 -0.972317 -4.821260 2.161330 -0.735729 -0.155264 1.677869 -0.765449 -1.868162 -3.941168 -1.156368 -3.922304 9.917208 -6.642722 6.715835 10.932664 2.688363 12.622542 -3.369965 -1.922091 13.902061 -13.764503 0.000077 -0.000020 0.000006 0.003000 -0.150776 -0.008870 0.733289 -3.883091 -10.680479 -0.733804 3.585717 -10.656233 10.488126 -14.297337 5.957282 -29.178154 -23.033155 -56.515369 178.794525 -49.368168 -179.305710 4.680761 -2.970192 -1.254509 -5.882103 9.861276 0.702589 -10.936858 -0.360574 7.156198 0.000001 8.774812 -0.000001 -16.325718 17.574545 5.937386 -1.844030 2.498504 -2.507276 -10.163589 4.678938 4.621103 -20.975994 -0.000006 0.000001 -21.226255 2.451691 -3.593994 0.000000 -0.000006 -0.000000 -1.362680 2.240797 -0.746322 -21.334890 0.584908 3.008320 -13.821194 -0.000004 0.000002 -23.887129 -0.249078 -0.839481 -59.984543 2.634144 -1.473843 -0.294024 1.679686 0.833255 -14.218190 0.093214 1.300580 -34.212013 -0.287564 0.967169 -20.033184 0.964532 1.212842 -0.000000 0.000000 0.000000 -3.440385 0.788233 0.501655 -15.928165 -3.167307 2.999703 -6.338815 -0.000002 0.000001 -18.123411 3.648175 -4.905661 -0.000004 -0.000001 -0.000002 1.220840 -3.093808 11.182783 47.154999 81.919678 -3.348123 -179.191803 40.222225 -179.643616 -8.191333 -3.741687 -10.813297 2.243540 -5.255033 -3.180156 14.282878 -0.826594 6.952496 -0.000001 -12.690591 -0.000000 15.982372 -17.427755 2.247399 1.665665 -1.955920 -2.878296 4.727792 -4.170583 4.993918 11.020512 0.000003 -0.000001 12.109034 -3.735711 -2.866779 -0.000001 0.000000 -0.000000 1.291985 -1.928548 -1.498087 14.800113 0.567468 3.865602 14.242554 -1.341735 -6.660648 19.631939 0.143926 -0.648243 48.992580 -0.664809 -6.280731 0.353029 -1.511150 -0.031940 20.222771 3.684306 2.316628 18.787245 0.000005 -0.000001 10.751612 -0.479868 1.397903 -0.000000 0.000000 0.000000 3.273806 0.305947 -0.580111 21.486794 11.830364 2.266132 8.162917 0.000001 -0.000000 18.399054 -3.798979 -4.940569 0.000003 0.000000 -0.000001 12.994877 12.932278 -24.560753 -0.168231 -0.593100 24.180489 -15.276345 -2.090792 1.723403 1.631237 -1.858541 0.406567 -0.000000 0.000000 0.000002 -12.675352 -0.901619 -9.125871 0.115279 0.585006 23.038313 15.947024 -0.482252 -15.127993 -1.419461 1.139152 0.174161 -0.000000 -0.000000 -0.000001 
10.339005 95.723373 8.408844 -0.959921 -4.807205 2.125394 -0.741632 -0.153504 1.677276 -0.759657 -1.902097 -3.953385 -1.156860 -3.892620 9.935021 -6.652021 6.686754 10.921291 2.695510 12.654980 -3.371540 -1.951841 13.891437 -13.805608 0.000077 -0.000021 0.000006 0.003934 -0.150734 -0.010471 0.734342 -3.873862 -10.674079 -0.734385 3.588055 -10.651978 10.441409 -14.299408 5.954237 -29.131289 -23.038225 -56.361767 178.671951 -49.452553 -179.275681 4.702801 -2.994267 -1.002401 -5.882101 9.861276 0.702588 -10.936858 -0.360575 7.156197 -0.000000 8.774812 -0.000002 -16.320929 17.594027 5.906350 -1.844030 2.498502 -2.507275 -10.163590 4.678940 4.621104 -20.975994 -0.000005 0.000000 -21.226254 2.451692 -3.593995 0.000000 -0.000006 -0.000000 -1.362681 2.240796 -0.746323 -21.334892 0.584909 3.008319 -13.821197 -0.000006 0.000001 -23.887131 -0.249078 -0.839482 -59.938225 2.632341 -1.483832 -0.294025 1.679686 0.833255 -14.218194 0.093214 1.300578 -34.212006 -0.287564 0.967168 -20.033178 0.964533 1.212841 -0.000000 0.000001 -0.000000 -3.440384 0.788232 0.501653 -15.928167 -3.167306 2.999704 -6.338816 -0.000000 0.000001 -18.123415 3.648175 -4.905664 -0.000004 -0.000001 -0.000002 1.256645 -3.125278 11.226901 47.158028 81.924568 -3.348061 -179.260208 40.259163 -179.679749 -8.168417 -3.696434 -10.960633 2.243541 -5.255033 -3.180154 14.282877 -0.826593 6.952497 -0.000001 -12.690591 -0.000000 15.969967 -17.446241 2.240931 1.665666 -1.955920 -2.878295 4.727796 -4.170583 4.993918 11.020511 0.000003 -0.000000 12.109033 -3.735709 -2.866779 0.000000 0.000001 0.000000 1.291984 -1.928548 -1.498087 14.800117 0.567467 3.865603 14.242553 -1.341736 -6.660647 19.631941 0.143925 -0.648243 48.969505 -0.674635 -6.279540 0.353029 -1.511150 -0.031939 20.222773 3.684307 2.316629 18.787247 0.000006 0.000001 10.751612 -0.479867 1.397905 0.000000 -0.000001 -0.000000 3.273806 0.305948 -0.580112 21.486790 11.830360 2.266132 8.162918 0.000001 0.000000 18.399054 -3.798976 -4.940567 0.000003 -0.000002 -0.000001 12.979001 12.997532 -24.501671 -0.158508 -0.604737 24.132849 -15.276416 -2.143818 1.750943 1.630237 -1.856205 0.400194 -0.000000 0.000000 0.000002 -12.680350 -0.952050 -9.054917 0.114001 0.580788 22.991285 15.957519 -0.447222 -15.146533 -1.420348 1.131825 0.219611 -0.000000 -0.000000 -0.000001 
10.331203 95.733887 8.453424 -0.955788 -4.805870 2.084918 -0.740711 -0.151657 1.670339 -0.764280 -1.907096 -3.951900 -1.151211 -3.897788 9.934161 -6.658257 6.707668 10.911516 2.714601 12.635528 -3.368597 -1.987753 13.904400 -13.807445 0.000077 -0.000022 0.000006 0.004894 -0.144167 -0.011155 0.736046 -3.871936 -10.672150 -0.731546 3.578829 -10.651166 10.403811 -14.329377 5.976471 -29.055773 -22.996527 -56.274982 178.591721 -49.548351 -179.261780 4.723727 -3.035004 -0.702885 -5.882103 9.861277 0.702590 -10.936858 -0.360574 7.156196 0.000000 8.774812 0.000000 -16.319300 17.611250 5.895300 -1.844032 2.498501 -2.507275 -10.163590 4.678938 4.621103 -20.975996 -0.000005 0.000001 -21.226255 2.451690 -3.593993 0.000000 -0.000007 -0.000000 -1.362682 2.240797 -0.746322 -21.334896 0.584908 3.008320 -13.821197 -0.000005 0.000002 -23.887135 -0.249078 -0.839482 -59.905010 2.625732 -1.468565 -0.294025 1.679686 0.833255 -14.218197 0.093214 1.300579 -34.212013 -0.287564 0.967170 -20.033180 0.964534 1.212840 0.000000 0.000002 0.000000 -3.440387 0.788232 0.501654 -15.928169 -3.167306 2.999703 -6.338815 -0.000002 0.000001 -18.123411 3.648174 -4.905660 -0.000004 -0.000001 -0.000002 1.270652 -3.153759 11.257083 47.472847 81.888252 -2.986812 -179.267227 40.276051 -179.645233 -8.156331 -3.650492 -11.012151 2.243538 -5.255033 -3.180155 14.282877 -0.826592 6.952495 -0.000002 -12.690590 -0.000001 16.015318 -17.442141 2.252033 1.665664 -1.955919 -2.878296 4.727793 -4.170584 4.993919 11.020513 0.000002 -0.000001 12.109029 -3.735710 -2.866779 0.000001 0.000000 0.000000 1.291983 -1.928547 -1.498087 14.800113 0.567467 3.865603 14.242553 -1.341735 -6.660649 19.631937 0.143925 -0.648244 49.007759 -0.696395 -6.273273 0.353029 -1.511149 -0.031940 20.222767 3.684307 2.316629 18.787245 0.000004 0.000000 10.751609 -0.479867 1.397904 0.000000 0.000000 -0.000000 3.273804 0.305947 -0.580110 21.486788 11.830360 2.266132 8.162915 -0.000000 0.000001 18.399050 -3.798980 -4.940567 0.000003 -0.000001 -0.000001 12.982806 13.065357 -24.441540 -0.170022 -0.615222 24.159115 -15.284839 -2.224042 1.774900 1.631717 -1.864030 0.385779 -0.000000 0.000000 0.000002 -12.690764 -0.989227 -8.947854 0.119317 0.573047 22.924210 15.953676 -0.397255 -15.110543 -1.421257 1.124567 0.253050 -0.000000 -0.000000 -0.000001 
10.305127 95.742325 8.470159 -0.951027 -4.792867 2.044703 -0.741427 -0.149219 1.665586 -0.766581 -1.905013 -3.951850 -1.150237 -3.918889 9.931245 -6.642481 6.703102 10.910232 2.726431 12.646247 -3.365241 -2.020777 13.932508 -13.786201 0.000077 -0.000021 0.000006 0.008430 -0.157055 -0.011786 0.740948 -3.892219 -10.674700 -0.730220 3.564223 -10.655067 10.373760 -14.323159 5.968678 -28.999731 -22.971680 -56.139988 178.477493 -49.630318 -179.213089 4.773589 -3.087587 -0.492653 -5.882101 9.861279 0.702591 -10.936857 -0.360575 7.156196 -0.000001 8.774812 -0.000002 -16.322519 17.611410 5.873380 -1.844031 2.498503 -2.507276 -10.163589 4.678940 4.621102 -20.975992 -0.000004 -0.000000 -21.226254 2.451693 -3.593996 0.000000 -0.000006 -0.000000 -1.362679 2.240797 -0.746324 -21.334887 0.584909 3.008318 -13.821197 -0.000003 -0.000000 -23.887131 -0.249079 -0.839483 -59.880825 2.613813 -1.493047 -0.294025 1.679686 0.833254 -14.218194 0.093214 1.300578 -34.211998 -0.287563 0.967168 -20.033176 0.964535 1.212841 0.000001 0.000001 0.000000 -3.440386 0.788233 0.501657 -15.928167 -3.167306 2.999702 -6.338817 -0.000002 0.000001 -18.123413 3.648175 -4.905661 -0.000004 -0.000000 -0.000002 1.263829 -3.165832 11.259385 47.993412 81.878677 -2.361957 -179.262146 40.296894 -179.630447 -8.177321 -3.605941 -11.068754 2.243540 -5.255033 -3.180156 14.282878 -0.826594 6.952496 -0.000003 -12.690592 -0.000000 16.036741 -17.406492 2.251117 1.665663 -1.955919 -2.878296 4.727794 -4.170583 4.993918 11.020513 0.000003 -0.000001 12.109032 -3.735711 -2.866780 0.000000 0.000000 -0.000001 1.291984 -1.928549 -1.498088 14.800109 0.567469 3.865602 14.242553 -1.341735 -6.660648 19.631937 0.143928 -0.648243 49.082584 -0.708922 -6.283408 0.353029 -1.511149 -0.031941 20.222769 3.684307 2.316628 18.787245 0.000004 0.000000 10.751609 -0.479868 1.397904 0.000000 -0.000001 -0.000000 3.273805 0.305947 -0.580111 21.486788 11.830365 2.266133 8.162915 0.000001 0.000000 18.399050 -3.798978 -4.940567 0.000003 -0.000001 -0.000001 13.000151 13.094890 -24.378185 -0.174575 -0.612610 24.136061 -15.304545 -2.248927 1.828454 1.635229 -1.868531 0.362784 0.000000 -0.000000 0.000002 -12.682679 -1.031308 -8.885482 0.109960 0.557940 22.919861 15.927111 -0.323790 -15.084571 -1.421988 1.117290 0.258834 -0.000000 -0.000000 -0.000001 
10.283081 95.753632 8.475202 -0.944751 -4.838200 2.006765 -0.747094 -0.132387 1.654033 -0.771220 -1.908666 -3.952473 -1.141663 -3.928294 9.931297 -6.638222 6.724082 10.951619 2.743501 12.674554 -3.374005 -2.054976 13.987515 -13.754349 0.000077 -0.000020 0.000006 0.011442 -0.181583 -0.015674 0.743552 -3.901712 -10.686232 -0.728697 3.540796 -10.664336 10.339575 -14.298126 6.008734 -28.863747 -22.971222 -56.104412 178.442978 -49.733406 -179.184158 4.844117 -3.142583 -0.332989 -5.882101 9.861278 0.702589 -10.936859 -0.360577 7.156196 0.000000 8.774814 -0.000001 -16.257704 17.641970 5.901834 -1.844033 2.498502 -2.507276 -10.163589 4.678938 4.621102 -20.975996 -0.000006 0.000001 -21.226255 2.451692 -3.593994 0.000000 -0.000007 -0.000000 -1.362678 2.240797 -0.746323 -21.334892 0.584907 3.008321 -13.821197 -0.000004 0.000001 -23.887131 -0.249079 -0.839481 -59.815617 2.615312 -1.508515 -0.294023 1.679686 0.833255 -14.218195 0.093213 1.300579 -34.212002 -0.287568 0.967171 -20.033180 0.964535 1.212843 -0.000000 0.000001 -0.000000 -3.440385 0.788232 0.501655 -15.928171 -3.167308 2.999703 -6.338817 -0.000003 0.000001 -18.123415 3.648174 -4.905661 -0.000004 -0.000002 -0.000002 1.277203 -3.171586 11.277389 48.141506 81.911499 -2.052318 -179.169998 40.346146 -179.602890 -8.198154 -3.596896 -11.038069 2.243543 -5.255034 -3.180156 14.282878 -0.826592 6.952495 -0.000002 -12.690591 -0.000002 16.051636 -17.359169 2.248170 1.665665 -1.955920 -2.878295 4.727795 -4.170583 4.993917 11.020512 0.000003 -0.000000 12.109033 -3.735710 -2.866780 0.000000 0.000000 0.000000 1.291984 -1.928547 -1.498087 14.800114 0.567468 3.865602 14.242556 -1.341735 -6.660648 19.631939 0.143925 -0.648242 49.080589 -0.699825 -6.277553 0.353029 -1.511150 -0.031942 20.222773 3.684308 2.316629 18.787247 0.000004 0.000000 10.751612 -0.479867 1.397904 0.000000 0.000000 0.000000 3.273807 0.305947 -0.580111 21.486797 11.830366 2.266133 8.162918 0.000001 -0.000000 18.399054 -3.798980 -4.940568 0.000003 0.000001 -0.000001 13.021023 13.160328 -24.327742 -0.185350 -0.618386 24.158998 -15.325416 -2.247316 1.904563 1.638451 -1.863218 0.336764 0.000000 0.000000 0.000002 -12.685905 -1.066677 -8.857852 0.114209 0.555518 22.923956 15.876861 -0.246403 -15.033635 -1.423427 1.103111 0.249930 0.000000 0.000000 -0.000001 
10.279978 95.758400 8.486430 -0.938882 -4.894583 1.969314 -0.754260 -0.118607 1.636559 -0.775294 -1.927338 -3.965307 -1.138350 -3.921406 9.944042 -6.634474 6.728710 11.025423 2.765559 12.729157 -3.378250 -2.081666 14.029978 -13.726261 0.000077 -0.000021 0.000006 0.011359 -0.188075 -0.018818 0.743092 -3.916589 -10.699903 -0.725432 3.538722 -10.674846 10.310412 -14.285404 6.055667 -28.751772 -22.925776 -56.064598 178.377319 -49.820465 -179.144974 4.890633 -3.190277 -0.149631 -5.882100 9.861279 0.702591 -10.936861 -0.360574 7.156196 -0.000001 8.774814 -0.000001 -16.217129 17.636656 5.908226 -1.844031 2.498504 -2.507273 -10.163589 4.678940 4.621104 -20.975996 -0.000004 0.000002 -21.226254 2.451694 -3.593993 0.000000 -0.000007 -0.000000 -1.362680 2.240797 -0.746323 -21.334894 0.584909 3.008323 -13.821194 -0.000004 0.000002 -23.887129 -0.249077 -0.839481 -59.729374 2.611544 -1.517660 -0.294024 1.679686 0.833253 -14.218194 0.093214 1.300579 -34.212006 -0.287563 0.967171 -20.033178 0.964536 1.212842 -0.000000 0.000001 -0.000000 -3.440386 0.788233 0.501656 -15.928167 -3.167306 2.999704 -6.338815 -0.000001 0.000001 -18.123413 3.648176 -4.905662 -0.000004 -0.000000 -0.000002 1.288127 -3.173404 11.287003 48.612194 81.954300 -1.393919 -179.018845 40.375412 -179.569260 -8.179168 -3.608191 -10.943915 2.243539 -5.255032 -3.180155 14.282877 -0.826594 6.952496 -0.000002 -12.690588 0.000001 16.073874 -17.334328 2.232172 1.665663 -1.955920 -2.878295 4.727797 -4.170585 4.993919 11.020510 0.000003 0.000000 12.109033 -3.735709 -2.866779 0.000001 0.000001 -0.000000 1.291984 -1.928548 -1.498089 14.800114 0.567467 3.865604 14.242553 -1.341735 -6.660648 19.631939 0.143926 -0.648242 49.083145 -0.685016 -6.286801 0.353028 -1.511148 -0.031940 20.222767 3.684305 2.316629 18.787245 0.000003 0.000000 10.751610 -0.479869 1.397904 0.000001 0.000000 0.000000 3.273804 0.305947 -0.580110 21.486790 11.830360 2.266132 8.162916 -0.000001 0.000001 18.399054 -3.798979 -4.940566 0.000003 -0.000001 -0.000001 13.031706 13.228415 -24.276232 -0.199841 -0.629878 24.193552 -15.315283 -2.211649 1.917958 1.640152 -1.865644 0.336793 -0.000000 -0.000000 0.000002 -12.699082 -1.093774 -8.822486 0.116246 0.562792 22.909739 15.880774 -0.199518 -14.997955 -1.423728 1.099308 0.250170 -0.000000 0.000000 -0.000001 
10.281816 95.751678 8.459930 -0.937190 -4.947415 1.929382 -0.762038 -0.110009 1.616506 -0.780189 -1.925630 -3.965275 -1.138405 -3.936850 9.945120 -6.624706 6.743047 11.103686 2.798765 12.790677 -3.367146 -2.097785 14.094794 -13.709504 0.000077 -0.000021 0.000006 0.011051 -0.186730 -0.021979 0.741447 -3.915814 -10.704957 -0.724458 3.539086 -10.677032 10.291329 -14.279226 6.108212 -28.646429 -22.885912 -56.002129 178.357162 -49.872940 -179.108978 4.997199 -3.224948 0.001453 -5.882101 9.861278 0.702589 -10.936858 -0.360574 7.156198 -0.000000 8.774811 -0.000001 -16.187851 17.643673 5.919140 -1.844030 2.498502 -2.507276 -10.163587 4.678939 4.621105 -20.975992 -0.000005 0.000001 -21.226250 2.451694 -3.593993 0.000000 -0.000007 -0.000000 -1.362679 2.240797 -0.746322 -21.334888 0.584908 3.008321 -13.821195 -0.000002 0.000001 -23.887129 -0.249078 -0.839480 -59.692947 2.614929 -1.524110 -0.294025 1.679686 0.833255 -14.218194 0.093214 1.300580 -34.211998 -0.287564 0.967170 -20.033178 0.964534 1.212842 0.000000 -0.000000 0.000000 -3.440385 0.788232 0.501654 -15.928167 -3.167306 2.999703 -6.338815 -0.000002 0.000002 -18.123415 3.648175 -4.905661 -0.000004 -0.000001 -0.000002 1.303602 -3.182950 11.275978 49.346985 81.983955 -0.539137 -178.960861 40.391621 -179.611099 -8.195227 -3.651469 -10.887555 2.243541 -5.255033 -3.180155 14.282873 -0.826592 6.952496 -0.000003 -12.690590 0.000001 16.106621 -17.341654 2.223188 1.665663 -1.955918 -2.878296 4.727791 -4.170582 4.993918 11.020507 0.000003 -0.000001 12.109031 -3.735708 -2.866779 0.000000 0.000000 -0.000000 1.291985 -1.928547 -1.498089 14.800111 0.567469 3.865603 14.242553 -1.341733 -6.660649 19.631935 0.143926 -0.648243 49.088692 -0.686534 -6.260599 0.353030 -1.511149 -0.031939 20.222765 3.684307 2.316627 18.787245 0.000006 -0.000001 10.751610 -0.479867 1.397904 0.000000 0.000001 -0.000000 3.273805 0.305947 -0.580110 21.486790 11.830364 2.266131 8.162913 0.000002 -0.000001 18.399048 -3.798979 -4.940567 0.000003 -0.000001 -0.000001 13.044423 13.274548 -24.246336 -0.210982 -0.633710 24.222612 -15.281536 -2.167522 1.919260 1.641363 -1.865890 0.357567 -0.000000 0.000000 0.000002 -12.707057 -1.101029 -8.835608 0.120887 0.574998 22.950661 15.878398 -0.152600 -14.994916 -1.421977 1.102576 0.260599 -0.000000 -0.000000 -0.000001 
10.292817 95.754120 8.485121 -0.938021 -4.989724 1.886842 -0.765475 -0.106412 1.605487 -0.786020 -1.920854 -3.981748 -1.138038 -3.934123 9.951213 -6.600802 6.735023 11.184675 2.822401 12.845744 -3.365843 -2.113783 14.143489 -13.701790 0.000077 -0.000022 0.000006 0.010864 -0.175098 -0.017657 0.738572 -3.905781 -10.714538 -0.724387 3.550331 -10.685227 10.284266 -14.297762 6.154501 -28.506674 -22.876188 -55.996246 178.363541 -49.948318 -179.133255 5.090764 -3.228818 0.103533 -5.882101 9.861279 0.702588 -10.936860 -0.360575 7.156195 0.000000 8.774813 0.000001 -16.195276 17.606054 5.913968 -1.844032 2.498503 -2.507275 -10.163589 4.678939 4.621102 -20.975998 -0.000004 -0.000001 -21.226255 2.451690 -3.593997 0.000000 -0.000007 -0.000000 -1.362682 2.240796 -0.746322 -21.334890 0.584908 3.008317 -13.821197 -0.000004 0.000000 -23.887133 -0.249080 -0.839483 -59.679054 2.609411 -1.512547 -0.294024 1.679686 0.833256 -14.218194 0.093215 1.300578 -34.212006 -0.287564 0.967166 -20.033180 0.964535 1.212839 -0.000000 0.000000 0.000000 -3.440385 0.788233 0.501655 -15.928167 -3.167306 2.999701 -6.338817 -0.000002 0.000001 -18.123413 3.648176 -4.905663 -0.000004 -0.000000 -0.000003 1.310685 -3.194837 11.263843 50.024506 82.001434 0.192454 -178.928177 40.408604 -179.663254 -8.221747 -3.718579 -10.868322 2.243537 -5.255033 -3.180155 14.282877 -0.826593 6.952495 -0.000003 -12.690593 -0.000001 16.111536 -17.329107 2.221475 1.665667 -1.955921 -2.878297 4.727793 -4.170583 4.993918 11.020509 0.000003 0.000000 12.109030 -3.735710 -2.866778 0.000000 0.000001 -0.000000 1.291984 -1.928548 -1.498086 14.800111 0.567468 3.865604 14.242551 -1.341736 -6.660646 19.631935 0.143927 -0.648241 49.092319 -0.687862 -6.213024 0.353029 -1.511150 -0.031938 20.222767 3.684309 2.316631 18.787245 0.000004 0.000002 10.751610 -0.479869 1.397905 0.000000 0.000001 -0.000000 3.273803 0.305948 -0.580110 21.486794 11.830366 2.266135 8.162916 0.000001 0.000002 18.399050 -3.798981 -4.940566 0.000003 0.000000 -0.000001 13.059464 13.276027 -24.205168 -0.209923 -0.633185 24.299675 -15.261773 -2.091630 1.890480 1.641986 -1.870187 0.375953 -0.000000 -0.000000 0.000002 -12.724175 -1.108698 -8.788418 0.127176 0.580077 22.952976 15.893933 -0.130363 -14.952251 -1.421697 1.102373 0.277199 0.000000 0.000000 -0.000001 
10.294266 95.750221 8.492894 -0.932846 -5.009419 1.841228 -0.776269 -0.113386 1.591218 -0.791911 -1.884266 -3.989773 -1.132604 -3.957057 9.964907 -6.586238 6.730175 11.241657 2.845870 12.864848 -3.373206 -2.120161 14.147853 -13.705266 0.000077 -0.000021 0.000006 0.006083 -0.150558 -0.018329 0.735858 -3.885587 -10.724403 -0.727498 3.577386 -10.694236 10.268324 -14.314975 6.244277 -28.349833 -22.877857 -56.061707 178.315842 -50.015732 -179.098404 5.131772 -3.269885 0.096801 -5.882102 9.861278 0.702590 -10.936859 -0.360573 7.156197 -0.000001 8.774813 -0.000000 -16.187681 17.601801 5.938939 -1.844029 2.498502 -2.507277 -10.163589 4.678939 4.621103 -20.975996 -0.000004 0.000001 -21.226255 2.451692 -3.593995 0.000000 -0.000006 -0.000001 -1.362681 2.240797 -0.746323 -21.334887 0.584908 3.008319 -13.821195 -0.000003 0.000001 -23.887129 -0.249077 -0.839481 -59.701103 2.610637 -1.507161 -0.294025 1.679686 0.833255 -14.218192 0.093214 1.300578 -34.212006 -0.287565 0.967168 -20.033176 0.964534 1.212841 -0.000000 0.000002 -0.000000 -3.440387 0.788233 0.501657 -15.928169 -3.167306 2.999702 -6.338817 -0.000001 0.000000 -18.123415 3.648177 -4.905662 -0.000004 -0.000001 -0.000002 1.302409 -3.199450 11.246092 50.668179 82.033920 0.804610 -178.887222 40.470505 -179.671906 -8.198285 -3.785545 -10.954500 2.243539 -5.255032 -3.180156 14.282877 -0.826595 6.952496 -0.000001 -12.690590 0.000000 16.084946 -17.346682 2.210789 1.665665 -1.955920 -2.878295 4.727795 -4.170583 4.993918 11.020512 0.000002 0.000000 12.109033 -3.735710 -2.866778 -0.000000 0.000001 -0.000001 1.291982 -1.928548 -1.498086 14.800114 0.567466 3.865606 14.242553 -1.341736 -6.660648 19.631939 0.143925 -0.648243 49.106327 -0.666298 -6.237640 0.353026 -1.511149 -0.031940 20.222769 3.684305 2.316629 18.787249 0.000003 0.000000 10.751613 -0.479867 1.397904 0.000001 0.000001 -0.000000 3.273805 0.305946 -0.580110 21.486790 11.830359 2.266132 8.162914 0.000001 -0.000000 18.399052 -3.798979 -4.940567 0.000003 -0.000001 -0.000001 13.074620 13.256615 -24.169140 -0.215339 -0.632794 24.354650 -15.263768 -2.021063 1.946534 1.642052 -1.867314 0.407460 -0.000000 -0.000000 0.000002 -12.740931 -1.144605 -8.744665 0.137399 0.590976 22.960476 15.889968 -0.096081 -14.948382 -1.420040 1.109099 0.300261 0.000000 0.000000 -0.000001 
10.245157 95.736656 8.542943 -0.930327 -5.025551 1.797887 -0.787070 -0.094007 1.590804 -0.790275 -1.894860 -4.004103 -1.138175 -3.949872 9.979075 -6.578669 6.721181 11.301145 2.861109 12.892159 -3.384416 -2.108683 14.133835 -13.727725 0.000077 -0.000021 0.000006 0.005656 -0.137545 -0.017006 0.736193 -3.869373 -10.732309 -0.728686 3.579021 -10.698842 10.218112 -14.338188 6.322274 -28.166719 -22.880171 -56.126221 178.351746 -50.080635 -179.136276 5.165221 -3.334493 0.066213 -5.882102 9.861279 0.702590 -10.936858 -0.360576 7.156198 -0.000000 8.774815 -0.000002 -16.169619 17.565670 5.958267 -1.844032 2.498503 -2.507274 -10.163589 4.678939 4.621103 -20.975994 -0.000004 0.000002 -21.226250 2.451693 -3.593994 0.000000 -0.000006 -0.000001 -1.362680 2.240797 -0.746323 -21.334885 0.584908 3.008319 -13.821197 -0.000003 0.000002 -23.887129 -0.249078 -0.839482 -59.742550 2.607692 -1.486853 -0.294024 1.679686 0.833256 -14.218189 0.093214 1.300580 -34.212006 -0.287564 0.967171 -20.033180 0.964534 1.212843 -0.000000 0.000001 -0.000000 -3.440385 0.788233 0.501656 -15.928171 -3.167308 2.999705 -6.338817 -0.000002 0.000000 -18.123413 3.648177 -4.905660 -0.000004 -0.000002 -0.000002 1.320718 -3.182122 11.243520 50.734856 82.031036 0.837841 -178.927078 40.513920 -179.760956 -8.250060 -3.810241 -11.119405 2.243539 -5.255032 -3.180153 14.282878 -0.826593 6.952495 -0.000002 -12.690592 0.000000 16.076818 -17.370987 2.217568 1.665663 -1.955920 -2.878295 4.727792 -4.170584 4.993918 11.020511 0.000002 -0.000000 12.109035 -3.735710 -2.866779 0.000001 0.000000 -0.000000 1.291984 -1.928547 -1.498089 14.800113 0.567466 3.865603 14.242553 -1.341735 -6.660647 19.631939 0.143926 -0.648243 49.160225 -0.649449 -6.255240 0.353026 -1.511150 -0.031941 20.222769 3.684305 2.316628 18.787247 0.000004 -0.000001 10.751611 -0.479869 1.397904 0.000000 0.000000 -0.000001 3.273802 0.305947 -0.580109 21.486790 11.830365 2.266130 8.162918 0.000001 -0.000000 18.399054 -3.798980 -4.940567 0.000003 0.000000 -0.000001 13.129789 13.236979 -24.093756 -0.212872 -0.623803 24.390497 -15.297324 -1.962432 1.866920 1.639446 -1.872522 0.440583 -0.000000 0.000000 0.000002 -12.721353 -1.157369 -8.713645 0.136269 0.585790 23.059326 15.855131 -0.008883 -15.016903 -1.421605 1.115771 0.319381 0.000000 0.000000 -0.000001 
10.204883 95.719650 8.541884 -0.930320 -5.038073 1.763388 -0.798011 -0.067735 1.584194 -0.787629 -1.899950 -4.002973 -1.142234 -3.967885 9.977417 -6.578924 6.717976 11.333893 2.893570 12.906096 -3.379630 -2.106163 14.146384 -13.757023 0.000077 -0.000022 0.000006 0.003720 -0.114249 -0.011845 0.732694 -3.842702 -10.727195 -0.732582 3.617455 -10.693635 10.176273 -14.366802 6.376231 -27.971632 -22.836420 -56.191299 178.296707 -50.155846 -179.120697 5.163097 -3.418613 0.056262 -5.882102 9.861279 0.702591 -10.936857 -0.360574 7.156195 -0.000001 8.774814 0.000001 -16.147804 17.556566 6.003342 -1.844033 2.498503 -2.507278 -10.163589 4.678940 4.621102 -20.975994 -0.000003 -0.000001 -21.226250 2.451692 -3.593997 0.000000 -0.000007 -0.000000 -1.362679 2.240797 -0.746321 -21.334892 0.584910 3.008319 -13.821194 -0.000003 -0.000000 -23.887125 -0.249080 -0.839484 -59.767067 2.586882 -1.463820 -0.294025 1.679685 0.833255 -14.218190 0.093216 1.300577 -34.211998 -0.287563 0.967166 -20.033176 0.964534 1.212839 0.000000 0.000003 -0.000000 -3.440385 0.788233 0.501654 -15.928165 -3.167305 2.999702 -6.338816 -0.000001 0.000000 -18.123413 3.648177 -4.905663 -0.000004 -0.000002 -0.000002 1.340804 -3.179099 11.259261 50.858658 82.097633 0.956845 -178.922501 40.564034 -179.799316 -8.246696 -3.830147 -11.243283 2.243538 -5.255032 -3.180156 14.282873 -0.826593 6.952496 -0.000002 -12.690592 0.000001 16.058729 -17.359697 2.222517 1.665665 -1.955920 -2.878296 4.727796 -4.170584 4.993918 11.020511 0.000003 -0.000001 12.109030 -3.735710 -2.866778 0.000000 0.000001 0.000000 1.291985 -1.928548 -1.498090 14.800109 0.567468 3.865602 14.242551 -1.341735 -6.660649 19.631937 0.143927 -0.648244 49.184963 -0.621357 -6.264308 0.353029 -1.511149 -0.031940 20.222769 3.684308 2.316627 18.787245 0.000004 -0.000001 10.751610 -0.479866 1.397904 0.000000 -0.000001 -0.000000 3.273805 0.305946 -0.580110 21.486788 11.830364 2.266129 8.162916 0.000003 0.000000 18.399050 -3.798980 -4.940567 0.000003 -0.000001 -0.000001 13.166310 13.258385 -24.068571 -0.215951 -0.631101 24.427179 -15.309769 -1.940112 1.823304 1.640691 -1.861394 0.477135 -0.000000 0.000000 0.000002 -12.695267 -1.140088 -8.735761 0.133897 0.587238 23.177528 15.813060 0.026549 -15.095875 -1.423457 1.125858 0.331748 0.000000 0.000000 -0.000001 
10.177853 95.698189 8.517843 -0.940805 -5.010182 1.732522 -0.797829 -0.074398 1.578801 -0.785150 -1.878775 -3.995095 -1.143634 -3.991920 9.958293 -6.577374 6.726174 11.395342 2.920610 12.890798 -3.376484 -2.111886 14.168505 -13.789030 0.000077 -0.000021 0.000006 0.003126 -0.112975 -0.009447 0.732881 -3.846058 -10.709892 -0.730577 3.613562 -10.674923 10.123537 -14.401714 6.399121 -27.797636 -22.772566 -56.188454 178.309052 -50.208954 -179.181152 5.228579 -3.487632 0.095413 -5.882100 9.861278 0.702591 -10.936858 -0.360576 7.156196 -0.000000 8.774813 -0.000002 -16.159725 17.563568 6.004552 -1.844030 2.498503 -2.507276 -10.163588 4.678939 4.621105 -20.975994 -0.000006 0.000002 -21.226254 2.451693 -3.593993 0.000000 -0.000009 -0.000000 -1.362680 2.240797 -0.746321 -21.334890 0.584907 3.008322 -13.821197 -0.000004 0.000003 -23.887131 -0.249078 -0.839479 -59.845062 2.586244 -1.450884 -0.294025 1.679686 0.833255 -14.218190 0.093214 1.300581 -34.212002 -0.287563 0.967173 -20.033180 0.964535 1.212844 -0.000000 0.000002 -0.000000 -3.440384 0.788233 0.501656 -15.928169 -3.167306 2.999704 -6.338815 -0.000002 0.000001 -18.123411 3.648175 -4.905661 -0.000004 -0.000000 -0.000003 1.382761 -3.162674 11.284801 50.845181 82.104767 0.983546 -178.906845 40.616108 -179.809814 -8.225601 -3.778522 -11.305611 2.243540 -5.255032 -3.180154 14.282875 -0.826594 6.952495 -0.000002 -12.690590 0.000001 16.018473 -17.359907 2.243110 1.665664 -1.955919 -2.878295 4.727791 -4.170583 4.993919 11.020511 0.000003 -0.000001 12.109031 -3.735709 -2.866778 0.000001 0.000000 -0.000001 1.291983 -1.928547 -1.498087 14.800111 0.567468 3.865602 14.242553 -1.341735 -6.660648 19.631937 0.143927 -0.648242 49.232388 -0.603215 -6.272449 0.353029 -1.511149 -0.031941 20.222769 3.684304 2.316629 18.787241 0.000004 0.000000 10.751609 -0.479868 1.397904 -0.000000 -0.000000 -0.000000 3.273804 0.305947 -0.580110 21.486788 11.830360 2.266129 8.162917 0.000001 -0.000000 18.399054 -3.798980 -4.940566 0.000003 0.000000 -0.000001 13.180511 13.295133 -24.075188 -0.191409 -0.625745 24.449612 -15.302970 -1.984687 1.823914 1.639457 -1.851162 0.504874 -0.000000 0.000000 0.000002 -12.658831 -1.106052 -8.745669 0.127273 0.580205 23.257866 15.782857 0.050883 -15.194125 -1.423780 1.127706 0.356708 -0.000000 -0.000000 -0.000001 
10.155598 95.675697 8.492735 -0.950702 -5.011944 1.712822 -0.794572 -0.078403 1.560872 -0.790038 -1.876769 -3.985910 -1.147118 -3.990674 9.940546 -6.566247 6.731536 11.460840 2.940400 12.891786 -3.384138 -2.110498 14.205766 -13.827732 0.000077 -0.000021 0.000006 0.003758 -0.111706 -0.006115 0.728765 -3.825972 -10.687589 -0.726079 3.611197 -10.652025 10.072659 -14.430053 6.424499 -27.618698 -22.683313 -56.150749 178.179718 -50.258297 -179.156052 5.238896 -3.547951 0.227038 -5.882102 9.861279 0.702587 -10.936858 -0.360575 7.156196 0.000001 8.774812 -0.000001 -16.194921 17.558762 5.969172 -1.844033 2.498502 -2.507276 -10.163589 4.678940 4.621104 -20.975996 -0.000006 0.000000 -21.226254 2.451691 -3.593996 0.000000 -0.000007 -0.000000 -1.362679 2.240797 -0.746324 -21.334887 0.584908 3.008319 -13.821194 -0.000003 0.000001 -23.887125 -0.249080 -0.839483 -59.854309 2.575019 -1.420901 -0.294025 1.679686 0.833255 -14.218190 0.093215 1.300579 -34.212002 -0.287564 0.967167 -20.033178 0.964535 1.212842 -0.000000 -0.000000 -0.000000 -3.440383 0.788233 0.501655 -15.928169 -3.167306 2.999704 -6.338815 -0.000001 0.000000 -18.123411 3.648177 -4.905663 -0.000003 -0.000000 -0.000003 1.434091 -3.168190 11.314218 50.640541 82.190521 0.803514 -178.858887 40.700962 -179.761185 -8.219733 -3.726323 -11.305923 2.243539 -5.255033 -3.180155 14.282875 -0.826591 6.952495 -0.000002 -12.690590 -0.000001 16.060675 -17.355862 2.254014 1.665664 -1.955920 -2.878297 4.727792 -4.170583 4.993918 11.020511 0.000003 -0.000000 12.109031 -3.735710 -2.866780 0.000001 0.000000 0.000000 1.291984 -1.928548 -1.498089 14.800113 0.567469 3.865603 14.242551 -1.341735 -6.660648 19.631939 0.143927 -0.648243 49.301876 -0.594006 -6.297256 0.353027 -1.511150 -0.031939 20.222769 3.684308 2.316627 18.787245 0.000005 -0.000001 10.751610 -0.479868 1.397904 0.000000 0.000000 -0.000000 3.273804 0.305946 -0.580109 21.486794 11.830367 2.266132 8.162915 0.000000 0.000000 18.399052 -3.798979 -4.940567 0.000003 -0.000001 -0.000001 13.201235 13.364013 -24.114052 -0.193354 -0.629321 24.533909 -15.281644 -2.038972 1.807944 1.640946 -1.843736 0.550203 -0.000000 -0.000000 0.000002 -12.629457 -1.044369 -8.803343 0.128030 0.576409 23.389795 15.764712 0.039486 -15.282471 -1.425576 1.127286 0.400138 -0.000000 -0.000000 -0.000001 
10.111319 95.646919 8.438524 -0.961785 -4.976923 1.697682 -0.785861 -0.109737 1.543991 -0.790239 -1.867462 -3.966325 -1.143803 -4.005163 9.907906 -6.574196 6.765904 11.505300 2.948912 12.873925 -3.390978 -2.104083 14.249577 -13.852527 0.000077 -0.000020 0.000006 0.002441 -0.094881 -0.002922 0.728146 -3.818597 -10.662827 -0.725953 3.617133 -10.630822 10.008098 -14.449507 6.426539 -27.500990 -22.593094 -56.071342 178.047470 -50.274029 -179.113800 5.234455 -3.625958 0.384212 -5.882100 9.861280 0.702590 -10.936858 -0.360574 7.156196 0.000000 8.774815 0.000000 -16.196331 17.588720 5.927272 -1.844031 2.498503 -2.507276 -10.163589 4.678940 4.621103 -20.975996 -0.000004 -0.000000 -21.226255 2.451694 -3.593995 0.000000 -0.000007 -0.000001 -1.362679 2.240797 -0.746324 -21.334888 0.584908 3.008320 -13.821194 -0.000005 0.000001 -23.887131 -0.249078 -0.839482 -59.844421 2.584569 -1.405641 -0.294024 1.679687 0.833257 -14.218190 0.093215 1.300579 -34.211998 -0.287563 0.967170 -20.033176 0.964534 1.212842 -0.000000 0.000002 -0.000000 -3.440385 0.788233 0.501655 -15.928165 -3.167306 2.999704 -6.338815 -0.000001 0.000001 -18.123413 3.648177 -4.905663 -0.000004 -0.000000 -0.000002 1.467813 -3.179725 11.344534 50.510059 82.284790 0.632698 -178.842850 40.799717 -179.710022 -8.236356 -3.653374 -11.279174 2.243539 -5.255033 -3.180155 14.282875 -0.826592 6.952495 -0.000003 -12.690592 -0.000002 16.137642 -17.383516 2.244515 1.665665 -1.955920 -2.878296 4.727790 -4.170582 4.993918 11.020511 0.000003 -0.000001 12.109030 -3.735709 -2.866780 -0.000000 0.000001 -0.000000 1.291985 -1.928548 -1.498088 14.800111 0.567470 3.865602 14.242554 -1.341733 -6.660647 19.631939 0.143927 -0.648242 49.388168 -0.562929 -6.318092 0.353027 -1.511150 -0.031939 20.222767 3.684309 2.316629 18.787245 0.000006 0.000000 10.751610 -0.479866 1.397905 -0.000000 -0.000000 -0.000000 3.273804 0.305947 -0.580110 21.486795 11.830366 2.266132 8.162916 0.000003 0.000000 18.399050 -3.798978 -4.940567 0.000003 -0.000001 -0.000001 13.223919 13.445367 -24.153839 -0.194619 -0.630241 24.543379 -15.260259 -2.116215 1.880421 1.644591 -1.838439 0.563461 -0.000000 0.000000 0.000002 -12.574281 -0.996838 -8.879080 0.128066 0.590566 23.535988 15.751181 0.004578 -15.426507 -1.426404 1.117572 0.435828 -0.000000 -0.000000 -0.000001 
10.090158 95.616951 8.413388 -0.949357 -4.939929 1.678677 -0.793981 -0.144258 1.533162 -0.790005 -1.894940 -3.965170 -1.148835 -4.001976 9.894323 -6.585944 6.805656 11.532861 2.937441 12.917939 -3.403918 -2.095092 14.264519 -13.851372 0.000077 -0.000021 0.000006 0.003207 -0.101299 -0.008510 0.723990 -3.818644 -10.656170 -0.722111 3.618307 -10.626396 9.957450 -14.473865 6.445785 -27.385189 -22.498024 -56.136173 177.961670 -50.320385 -179.159348 5.175898 -3.719074 0.492180 -5.882099 9.861278 0.702590 -10.936857 -0.360575 7.156196 -0.000000 8.774812 -0.000000 -16.210928 17.624304 5.914783 -1.844032 2.498502 -2.507277 -10.163590 4.678939 4.621103 -20.975990 -0.000005 -0.000000 -21.226250 2.451690 -3.593995 0.000000 -0.000008 -0.000000 -1.362681 2.240796 -0.746323 -21.334887 0.584908 3.008320 -13.821191 -0.000005 0.000000 -23.887123 -0.249079 -0.839482 -59.835560 2.589118 -1.382399 -0.294024 1.679686 0.833255 -14.218190 0.093213 1.300578 -34.211998 -0.287564 0.967170 -20.033176 0.964535 1.212841 -0.000000 0.000001 -0.000000 -3.440384 0.788232 0.501656 -15.928164 -3.167306 2.999705 -6.338813 -0.000001 0.000002 -18.123413 3.648175 -4.905660 -0.000004 -0.000000 -0.000003 1.507207 -3.177175 11.402714 50.077629 82.411308 0.142786 -178.864243 40.880749 -179.678131 -8.318359 -3.564963 -11.194458 2.243536 -5.255031 -3.180156 14.282873 -0.826593 6.952496 -0.000001 -12.690590 0.000001 16.231794 -17.414856 2.235550 1.665665 -1.955920 -2.878297 4.727791 -4.170583 4.993918 11.020510 0.000003 0.000000 12.109031 -3.735709 -2.866778 -0.000000 0.000001 -0.000001 1.291983 -1.928548 -1.498088 14.800113 0.567468 3.865604 14.242553 -1.341735 -6.660649 19.631935 0.143927 -0.648243 49.464951 -0.554846 -6.355740 0.353028 -1.511149 -0.031941 20.222767 3.684307 2.316629 18.787243 0.000003 0.000001 10.751608 -0.479869 1.397905 0.000000 0.000001 0.000000 3.273806 0.305947 -0.580110 21.486788 11.830361 2.266132 8.162916 -0.000000 0.000001 18.399048 -3.798980 -4.940565 0.000003 -0.000001 -0.000001 13.206338 13.490488 -24.192789 -0.183700 -0.633254 24.590414 -15.238949 -2.180419 1.791135 1.651586 -1.843913 0.563392 -0.000000 0.000000 0.000002 -12.562326 -0.922665 -8.941322 0.122548 0.590963 23.699076 15.767030 0.012385 -15.561256 -1.427522 1.109744 0.501844 0.000000 0.000000 -0.000001 
10.016690 95.589149 8.483596 -0.940589 -4.912164 1.667559 -0.804334 -0.182845 1.519440 -0.785173 -1.903579 -3.978287 -1.146776 -3.999403 9.891021 -6.611710 6.840437 11.519529 2.954512 12.977015 -3.384000 -2.094476 14.312282 -13.837744 0.000077 -0.000022 0.000006 0.002717 -0.118203 -0.016683 0.723968 -3.839829 -10.653893 -0.721164 3.589450 -10.625210 9.919334 -14.500982 6.487694 -27.332727 -22.431047 -56.307911 178.009094 -50.349541 -179.182648 5.116772 -3.772640 0.349552 -5.882100 9.861278 0.702588 -10.936857 -0.360574 7.156196 -0.000001 8.774809 -0.000001 -16.234903 17.641184 5.888761 -1.844029 2.498503 -2.507275 -10.163589 4.678940 4.621102 -20.975992 -0.000004 -0.000001 -21.226250 2.451692 -3.593995 0.000000 -0.000006 -0.000001 -1.362680 2.240797 -0.746324 -21.334892 0.584910 3.008319 -13.821194 -0.000002 0.000001 -23.887123 -0.249078 -0.839484 -59.760674 2.591984 -1.376570 -0.294024 1.679687 0.833256 -14.218190 0.093216 1.300581 -34.211998 -0.287562 0.967168 -20.033176 0.964537 1.212840 0.000000 0.000001 -0.000000 -3.440387 0.788232 0.501655 -15.928164 -3.167305 2.999705 -6.338813 -0.000002 0.000001 -18.123411 3.648176 -4.905662 -0.000004 -0.000001 -0.000003 1.520022 -3.195305 11.474371 49.741318 82.589386 -0.286519 -178.877579 41.027237 -179.663589 -8.494622 -3.466408 -11.049025 2.243540 -5.255033 -3.180155 14.282877 -0.826592 6.952495 -0.000004 -12.690590 0.000001 16.349871 -17.483715 2.205106 1.665665 -1.955920 -2.878296 4.727792 -4.170583 4.993920 11.020511 0.000003 -0.000001 12.109031 -3.735709 -2.866779 0.000000 0.000000 0.000000 1.291984 -1.928548 -1.498087 14.800111 0.567470 3.865604 14.242551 -1.341734 -6.660648 19.631937 0.143927 -0.648243 49.461250 -0.550146 -6.417945 0.353029 -1.511149 -0.031941 20.222769 3.684308 2.316628 18.787245 0.000005 -0.000000 10.751610 -0.479869 1.397905 -0.000000 -0.000001 0.000000 3.273805 0.305947 -0.580111 21.486790 11.830366 2.266131 8.162916 0.000001 0.000000 18.399054 -3.798978 -4.940568 0.000002 -0.000001 -0.000001 13.247272 13.513874 -24.134350 -0.179572 -0.627065 24.582102 -15.288906 -2.218103 1.681969 1.657802 -1.850619 0.550417 -0.000000 0.000000 0.000002 -12.509155 -0.816362 -8.937099 0.114625 0.609310 23.843626 15.716741 0.014468 -15.759344 -1.424948 1.091982 0.559423 0.000000 0.000000 -0.000001 
10.012900 95.563759 8.588251 -0.918015 -4.888146 1.649755 -0.820025 -0.201956 1.535829 -0.782537 -1.959991 -4.021922 -1.145510 -4.001557 9.884819 -6.624724 6.936024 11.519242 2.975965 12.999124 -3.388214 -2.069458 14.310106 -13.815375 0.000077 -0.000021 0.000006 0.003188 -0.132328 -0.022585 0.722921 -3.851719 -10.664931 -0.719925 3.586141 -10.635906 9.931192 -14.514429 6.506326 -27.366789 -22.332230 -56.555573 178.082535 -50.350025 -179.181580 5.021451 -3.759798 0.029805 -5.882102 9.861276 0.702591 -10.936858 -0.360575 7.156197 0.000001 8.774812 0.000000 -16.270279 17.693327 5.886933 -1.844030 2.498503 -2.507277 -10.163592 4.678938 4.621103 -20.975998 -0.000005 0.000002 -21.226255 2.451690 -3.593992 0.000000 -0.000006 -0.000001 -1.362682 2.240796 -0.746323 -21.334892 0.584908 3.008320 -13.821198 -0.000003 0.000002 -23.887131 -0.249081 -0.839480 -59.697216 2.545461 -1.331275 -0.294024 1.679686 0.833255 -14.218195 0.093213 1.300579 -34.212006 -0.287565 0.967170 -20.033180 0.964535 1.212842 -0.000000 0.000001 -0.000000 -3.440385 0.788232 0.501655 -15.928173 -3.167307 2.999704 -6.338819 -0.000003 -0.000001 -18.123415 3.648175 -4.905660 -0.000004 -0.000001 -0.000003 1.480479 -3.195578 11.538970 48.970924 82.764397 -1.182896 -178.921860 41.108044 -179.685608 -8.785488 -3.440724 -10.832570 2.243542 -5.255033 -3.180155 14.282877 -0.826595 6.952495 -0.000002 -12.690587 0.000001 16.473629 -17.564396 2.158158 1.665664 -1.955919 -2.878297 4.727795 -4.170583 4.993917 11.020511 0.000002 -0.000001 12.109033 -3.735710 -2.866779 0.000000 0.000000 0.000000 1.291984 -1.928547 -1.498088 14.800114 0.567467 3.865602 14.242556 -1.341734 -6.660649 19.631939 0.143924 -0.648245 49.412792 -0.572614 -6.497342 0.353029 -1.511149 -0.031940 20.222767 3.684304 2.316626 18.787245 0.000005 -0.000002 10.751610 -0.479867 1.397903 -0.000000 -0.000001 -0.000000 3.273804 0.305947 -0.580110 21.486790 11.830360 2.266129 8.162917 0.000003 -0.000000 18.399054 -3.798977 -4.940568 0.000003 0.000000 -0.000001 13.252990 13.428669 -24.067362 -0.197745 -0.632424 24.622269 -15.305800 -2.201464 1.449803 1.664047 -1.883660 0.559731 -0.000000 -0.000000 0.000002 -12.511839 -0.656380 -8.850153 0.098482 0.626094 23.866955 15.750537 -0.058587 -15.926780 -1.420978 1.086453 0.606619 0.000000 0.000000 -0.000001 
10.058249 95.539734 8.685795 -0.901860 -4.883391 1.616619 -0.810945 -0.258878 1.573775 -0.783244 -1.987797 -4.075171 -1.141188 -3.961281 9.888459 -6.629670 7.037307 11.477069 2.988426 12.901110 -3.385177 -1.953812 14.286562 -13.780166 0.000077 -0.000022 0.000006 0.004535 -0.150472 -0.027795 0.722179 -3.866864 -10.655991 -0.714779 3.568086 -10.620026 9.981063 -14.494342 6.587642 -27.449003 -22.363026 -56.758968 178.107620 -50.433929 -179.098526 4.994585 -3.863744 -0.214738 -5.882099 9.861279 0.702590 -10.936858 -0.360576 7.156196 0.000000 8.774815 0.000000 -16.376841 17.802004 5.870264 -1.844031 2.498502 -2.507276 -10.163591 4.678941 4.621105 -20.975992 -0.000003 0.000000 -21.226250 2.451693 -3.593995 0.000000 -0.000006 -0.000001 -1.362679 2.240797 -0.746323 -21.334892 0.584909 3.008320 -13.821193 -0.000003 0.000000 -23.887125 -0.249077 -0.839481 -59.687996 2.535991 -1.339441 -0.294025 1.679686 0.833254 -14.218189 0.093214 1.300580 -34.212002 -0.287562 0.967169 -20.033180 0.964537 1.212841 -0.000000 0.000001 -0.000000 -3.440386 0.788232 0.501654 -15.928167 -3.167306 2.999703 -6.338815 -0.000001 0.000002 -18.123415 3.648177 -4.905663 -0.000004 -0.000000 -0.000003 1.404280 -3.218050 11.550055 48.587914 82.903908 -1.734577 -178.949509 41.200245 -179.669952 -9.003920 -3.456394 -10.664067 2.243541 -5.255032 -3.180156 14.282877 -0.826593 6.952496 -0.000004 -12.690588 0.000000 16.518141 -17.714909 2.101793 1.665665 -1.955919 -2.878297 4.727792 -4.170583 4.993918 11.020510 0.000003 -0.000001 12.109030 -3.735709 -2.866780 0.000000 -0.000000 -0.000000 1.291984 -1.928547 -1.498087 14.800111 0.567468 3.865605 14.242554 -1.341733 -6.660649 19.631939 0.143926 -0.648243 49.270836 -0.594819 -6.560768 0.353029 -1.511149 -0.031940 20.222769 3.684305 2.316627 18.787247 0.000004 -0.000000 10.751610 -0.479867 1.397904 -0.000000 0.000000 0.000000 3.273805 0.305947 -0.580110 21.486792 11.830363 2.266132 8.162916 -0.000000 0.000000 18.399052 -3.798980 -4.940567 0.000003 0.000000 -0.000001 13.240648 13.299330 -24.034454 -0.205210 -0.641281 24.762611 -15.291666 -2.173479 1.191508 1.663641 -1.904577 0.536019 -0.000000 -0.000000 0.000002 -12.544581 -0.492103 -8.717333 0.093274 0.647593 23.800570 15.800736 -0.165738 -16.052975 -1.415183 1.078066 0.632197 0.000000 0.000000 -0.000001 
